"team","score","var"
"frc1",0.145833333333333,0.0211377473407203
"frc100",0.0972222222222222,0.00936436964131621
"frc1001",0.125,0.0625
"frc1002",0.0833333333333333,0.0416666666666667
"frc1008",0.25,0.125
"frc101",0.0416666666666667,0.0208333333333333
"frc1011",0.0694444444444444,0.0347222222222222
"frc1013",0,0
"frc1014",0.104166666666667,0.0510310363079829
"frc1018",0.131944444444444,0.0470529977608068
"frc102",0.0798611111111111,0.0391749680080252
"frc1023",0.483730158730159,0.2035935330319
"frc1024",0.319444444444444,0.12529007351856
"frc1025",0.241319444444444,0.120659722222222
"frc1027",0.0416666666666667,0.0208333333333333
"frc103",0.1875,0.045885153694376
"frc1033",0.0208333333333333,0.0104166666666667
"frc1038",0.0833333333333333,0.0416666666666667
"frc1051",0,0
"frc1058",0.09375,0.046875
"frc1065",0.166666666666667,0.0510310363079829
"frc107",0.361111111111111,0.130679834764739
"frc1071",0.152777777777778,0.0763888888888889
"frc1072",0.0208333333333333,0.0104166666666667
"frc1073",0.118055555555556,0.0270635818195336
"frc1075",0.166666666666667,0.0833333333333333
"frc1076",0.0625,0.03125
"frc108",0.340277777777778,0.170138888888889
"frc1086",0.111111111111111,0.0555555555555556
"frc1089",0.251388888888889,0.068271463019583
"frc1091",0.0208333333333333,0.0104166666666667
"frc1094",0.104166666666667,0.0510310363079829
"frc1095",0,0
"frc1099",0.125,0.0625
"frc11",0.398611111111111,0.103876759016109
"frc1100",0.263888888888889,0.131944444444444
"frc1102",0.166666666666667,0.0833333333333333
"frc1108",0.25,0.125
"frc111",0.21875,0.109375
"frc1111",0.145833333333333,0.0729166666666667
"frc1114",0.683333333333333,0.0270716024569938
"frc1123",0,0
"frc1124",0.158333333333333,0.0791666666666667
"frc1126",0.3125,0.15625
"frc1127",0,0
"frc1137",0.0416666666666667,0.0208333333333333
"frc1138",0.326388888888889,0.163194444444444
"frc114",0.125,0.0510310363079829
"frc1143",0.229166666666667,0.114583333333333
"frc1148",0,0
"frc115",0.0555555555555556,0.00936436964131621
"frc1153",0.197916666666667,0.0989583333333333
"frc1155",0.0208333333333333,0.0104166666666667
"frc1156",0.236111111111111,0.118055555555556
"frc1157",0.0833333333333333,0.0416666666666667
"frc1159",0.0416666666666667,0.0208333333333333
"frc116",0.180555555555556,0.0894245015071088
"frc1160",0.0416666666666667,0.0208333333333333
"frc1164",0.125,0.0625
"frc1165",0.1875,0.0510310363079829
"frc1168",0.104166666666667,0
"frc117",0,0
"frc1178",0,0
"frc118",0.847222222222222,0.0986552207483517
"frc1182",0.125,0.0625
"frc1188",0.229166666666667,0.114583333333333
"frc1189",0.252083333333333,0.0520486781674513
"frc1195",0,0
"frc1197",0.145833333333333,0.0729166666666667
"frc120",0.131944444444444,0.0659722222222222
"frc1203",0,0
"frc1208",0.270833333333333,0.135416666666667
"frc1209",0.0416666666666667,0
"frc121",0.125,0.0625
"frc1212",0.0833333333333333,0.0416666666666667
"frc1218",0.329166666666667,0.164583333333333
"frc1219",0,0
"frc122",0.0138888888888889,0.00694444444444444
"frc1225",0.319444444444444,0.159722222222222
"frc1228",0.222222222222222,0.111111111111111
"frc123",0.114583333333333,0.0572916666666667
"frc1230",0.0416666666666667,0.0208333333333333
"frc1241",0.447916666666667,0.0954703269782467
"frc1243",0.145833333333333,0.0729166666666667
"frc1245",0.0833333333333333,0.0416666666666667
"frc1246",0.125,0.0625
"frc1247",0,0
"frc1248",0.0833333333333333,0.0416666666666667
"frc1249",0.0625,0.03125
"frc125",0.527777777777778,0.0796191637888717
"frc1250",0.145833333333333,0.0729166666666667
"frc1251",0.277777777777778,0.138888888888889
"frc1254",0.0625,0.03125
"frc1255",0.0694444444444444,0.0347222222222222
"frc1257",0.194444444444444,0.0972222222222222
"frc1258",0.1875,0.09375
"frc1259",0.25,0.125
"frc126",0.253472222222222,0.126736111111111
"frc1261",0.25,0.125
"frc1262",0.25,0.125
"frc1266",0.229166666666667,0.114583333333333
"frc1270",0,0
"frc1274",0,0
"frc1277",0.0416666666666667,0.0208333333333333
"frc1279",0.152777777777778,9.81307786677359e-18
"frc128",0.166666666666667,0.0833333333333333
"frc1280",0.145833333333333,0.0510310363079829
"frc1285",0.328125,0.1640625
"frc1287",0.256944444444444,0.128472222222222
"frc1288",0.215277777777778,0.107638888888889
"frc1289",0.0208333333333333,0.0104166666666667
"frc1290",0.0833333333333333,0.0416666666666667
"frc1293",0,0
"frc1294",0.197916666666667,0.0989583333333333
"frc1296",0.270833333333333,0.135416666666667
"frc1302",0.104166666666667,0.0520833333333333
"frc1303",0,0
"frc1304",0,0
"frc1305",0.138888888888889,0.0694444444444444
"frc1306",0,0
"frc1307",0.1875,0.09375
"frc1308",0,0
"frc131",0.1875,0.09375
"frc1310",0.368055555555556,0.184027777777778
"frc1311",0.138888888888889,0.0305021169820366
"frc1317",0.166666666666667,0.0833333333333333
"frc1318",0.491666666666667,0.245833333333333
"frc1319",0.25,0.125
"frc1322",0.107638888888889,0.0241498911700921
"frc1323",0.375,0.1875
"frc1325",0.35,0.175
"frc1329",0.145833333333333,0.0729166666666667
"frc133",0.270833333333333,0.135416666666667
"frc1332",0.0625,0.03125
"frc1334",0.319444444444444,0.13636789610187
"frc1339",0.1875,0.09375
"frc1340",0,0
"frc1348",0,0
"frc135",0.388888888888889,0.194444444444444
"frc1350",0.145833333333333,0.0729166666666667
"frc1351",0.0625,0.03125
"frc1359",0.125,0.0625
"frc136",0.0416666666666667,0.0208333333333333
"frc1361",0,0
"frc1367",0.1875,0.09375
"frc1369",0.0555555555555556,0.0277777777777778
"frc1370",0.138888888888889,0.0694444444444444
"frc1378",0.0833333333333333,0.0416666666666667
"frc1379",0,0
"frc138",0.25,0.125
"frc1382",0,0
"frc1388",0.1875,0.0883883476483184
"frc1389",0.166666666666667,0.0833333333333333
"frc1391",0.159722222222222,0.0790681460921356
"frc1396",0.0833333333333333,0.0416666666666667
"frc1398",0,0
"frc1403",0.309027777777778,0.136087168317824
"frc1404",0,0
"frc1405",0.291666666666667,0.145833333333333
"frc141",0.130555555555556,0.0198696410858772
"frc1410",0.215277777777778,0.049662014501437
"frc1413",0.125,0.0625
"frc1414",0.125,0.0625
"frc1418",0.291666666666667,0.145833333333333
"frc1421",0.291666666666667,0.145833333333333
"frc1422",0.125,0.0625
"frc1425",0.354166666666667,0.177083333333333
"frc1429",0.09375,0.0258883476483184
"frc1432",0.0208333333333333,0.0104166666666667
"frc1438",0,0
"frc144",0.239583333333333,0.119791666666667
"frc1444",0.166666666666667,0.0833333333333333
"frc1446",0,0
"frc1448",0.125,0.0625
"frc145",0.375,0.1875
"frc1450",0.0208333333333333,0.0104166666666667
"frc1452",0,0
"frc1458",0.0902777777777778,0.0451388888888889
"frc1466",0.125,0.0625
"frc1468",0.229166666666667,0.114583333333333
"frc1474",0.0833333333333333,0.0416666666666667
"frc1477",0.409722222222222,0.20297392079637
"frc148",0.691666666666667,0.0206644735665188
"frc1481",0.1875,0.09375
"frc1482",0.166666666666667,0.0833333333333333
"frc1492",0.166666666666667,0.0833333333333333
"frc1493",0.104166666666667,0.0520833333333333
"frc1495",0.298611111111111,0.149305555555556
"frc1501",0.358333333333333,0.179166666666667
"frc1502",0.243055555555556,0.121527777777778
"frc1503",0.3125,0.15625
"frc1504",0.118055555555556,0.00936436964131621
"frc1506",0.0972222222222222,0.0486111111111111
"frc1507",0.368055555555556,0.178444259058408
"frc151",0.0208333333333333,0.0104166666666667
"frc1510",0.163888888888889,0.0819444444444444
"frc1511",0.222222222222222,0.111111111111111
"frc1512",0.125,0.0625
"frc1515",0.152777777777778,0.0763888888888889
"frc1517",0.145833333333333,0.0642623698700886
"frc1518",0,0
"frc1519",0.597916666666667,0.0728931486824412
"frc1522",0.104166666666667,0.0520833333333333
"frc1523",0.125,0.0625
"frc1528",0.0104166666666667,0.00520833333333333
"frc1529",0.0729166666666667,0.0364583333333333
"frc1533",0.1875,0.09375
"frc1537",0,0
"frc1538",0.388888888888889,0.15497529771509
"frc1539",0.145833333333333,0.0729166666666667
"frc1540",0.163194444444444,0.0722229288752554
"frc1541",0.166666666666667,0.0833333333333333
"frc1546",0.0833333333333333,0.0416666666666667
"frc1547",0.0416666666666667,0
"frc155",0.236111111111111,0.118055555555556
"frc1551",0.145833333333333,0.0729166666666667
"frc1553",0.0416666666666667,0.0208333333333333
"frc1554",0,0
"frc1557",0,0
"frc1559",0.1875,0.09375
"frc156",0.0625,0.03125
"frc1561",0.0416666666666667,0.0208333333333333
"frc1566",0.125,0.0625
"frc1569",0.229166666666667,0.114583333333333
"frc157",0.125,0.0625
"frc1571",0.0208333333333333,0.0104166666666667
"frc1572",0.208333333333333,0.104166666666667
"frc1573",0.0416666666666667,0.0208333333333333
"frc1574",0.583333333333333,0.291666666666667
"frc1576",0.0416666666666667,0.0208333333333333
"frc1577",0.375,0.1875
"frc1580",0,0
"frc1583",0.0416666666666667,0.0208333333333333
"frc1584",0.0833333333333333,0.0416666666666667
"frc1585",0.0416666666666667,0.0208333333333333
"frc159",0,0
"frc1590",0,0
"frc1591",0,0
"frc1592",0.333333333333333,0.166666666666667
"frc1595",0.260416666666667,0.128021936050774
"frc1596",0.1875,0
"frc1598",0.0625,0.03125
"frc1599",0.0208333333333333,0.0104166666666667
"frc16",0.413194444444444,0.195473456443072
"frc1600",0,0
"frc1601",0,0
"frc1604",0,0
"frc1605",0,0
"frc1607",0,0
"frc1610",0.472222222222222,0.0117874716938529
"frc1612",0,0
"frc1617",0,0
"frc1619",0.322916666666667,0.161458333333333
"frc1622",0.0659722222222222,0.0274296831324042
"frc1625",0.40625,0.116623027627374
"frc1626",0.194444444444444,0.0972222222222222
"frc1629",0.319444444444444,0.159722222222222
"frc1631",0,0
"frc1633",0,0
"frc1635",0.125,0.0625
"frc1640",0.533333333333333,0.0968177202647514
"frc1642",0,0
"frc1643",0,0
"frc1644",0.0833333333333333,0.0416666666666667
"frc1646",0.229166666666667,0.114583333333333
"frc1647",0.152777777777778,0.0763888888888889
"frc1648",0.229166666666667,0.114583333333333
"frc1649",0.0347222222222222,0.0173611111111111
"frc1657",0.0208333333333333,0.0104166666666667
"frc1658",0.333333333333333,0.166666666666667
"frc166",0.0833333333333333,0.0270635818195336
"frc1660",0.145833333333333,0.0729166666666667
"frc1661",0,0
"frc1662",0.270833333333333,0.135416666666667
"frc1665",0.0416666666666667,0.0208333333333333
"frc167",0.145833333333333,0.0729166666666667
"frc1671",0.361111111111111,0.180555555555556
"frc1672",0.0486111111111111,0.0243055555555556
"frc1675",0.131944444444444,0.0659722222222222
"frc1676",0.316666666666667,0.148308415013695
"frc1677",0.0416666666666667,0.0208333333333333
"frc1678",0.797916666666667,0.236946402483174
"frc168",0,0
"frc1683",0.291666666666667,0.145833333333333
"frc1684",0.297222222222222,0.148611111111111
"frc1687",0.15625,0.078125
"frc1690",0.447916666666667,0.223958333333333
"frc1691",0.5,0.25
"frc1692",0.0625,0.03125
"frc1695",0.0833333333333333,0.0416666666666667
"frc1696",0,0
"frc1699",0.3125,0.15625
"frc1700",0.0347222222222222,0.0173611111111111
"frc1701",0.138888888888889,0.0694444444444444
"frc1703",0,0
"frc1706",0.173611111111111,0.0868055555555556
"frc1708",0.263888888888889,0.131944444444444
"frc171",0.152777777777778,0.0763888888888889
"frc1710",0.1875,0.09375
"frc1711",0.270833333333333,0.135416666666667
"frc1712",0.166666666666667,0.0833333333333333
"frc1714",0.0694444444444444,0.0347222222222222
"frc1716",0,0
"frc1717",0.583333333333333,0.0400539372917932
"frc1718",0.458333333333333,0.148899040365262
"frc1719",0.0833333333333333,0.0416666666666667
"frc172",0.184027777777778,0.0920138888888889
"frc1720",0.125,0.0625
"frc1721",0,0
"frc1723",0.319444444444444,0.159722222222222
"frc1726",0.333333333333333,0.119552321680887
"frc1729",0.03125,0.015625
"frc173",0.104166666666667,0.0520833333333333
"frc1730",0.3125,0.15625
"frc1731",0.243055555555556,0.121527777777778
"frc1732",0.430555555555556,0.188126667767211
"frc1735",0.173611111111111,0.0868055555555556
"frc1736",0.166666666666667,0.0833333333333333
"frc1737",0,0
"frc1739",0,0
"frc174",0.1875,0.09375
"frc1740",0.0208333333333333,0.0104166666666667
"frc1741",0.290277777777778,0.0810880095203878
"frc1742",0.0833333333333333,0.0416666666666667
"frc1743",0,0
"frc1745",0.0416666666666667,0.0208333333333333
"frc1746",0.138888888888889,0.0694444444444444
"frc1747",0.25,0.125
"frc1748",0,0
"frc175",0.293055555555556,0.04062630594693
"frc1750",0.0833333333333333,0.0416666666666667
"frc1751",0.166666666666667,0.0833333333333333
"frc1754",0,0
"frc1756",0.385416666666667,0.11293262822085
"frc1757",0.0416666666666667,0.0208333333333333
"frc1758",0.0625,0.03125
"frc1759",0,0
"frc176",0.241666666666667,0.0131003869261676
"frc1760",0.125,0.0625
"frc1761",0.104166666666667,0.0520833333333333
"frc1763",0.0833333333333333,0.0416666666666667
"frc1764",0.0416666666666667,0.0208333333333333
"frc1765",0,0
"frc1768",0.135416666666667,0.0677083333333333
"frc1769",0,0
"frc177",0.40625,0.182226269163096
"frc1771",0,0
"frc1772",0.229166666666667,0.114583333333333
"frc1774",0,0
"frc1775",0.25,0.097978147821647
"frc1777",0.125,0.0625
"frc1778",0.104166666666667,0.0520833333333333
"frc178",0.0659722222222222,0.0329861111111111
"frc1780",0,0
"frc1781",0.104166666666667,0.0520833333333333
"frc1784",0,0
"frc1785",0.111111111111111,0.0555555555555556
"frc1786",0.40625,0.1875
"frc1787",0,0
"frc1789",0,0
"frc179",0.333333333333333,0.166666666666667
"frc1791",0,0
"frc1793",0,0
"frc1795",0.0833333333333333,0.0416666666666667
"frc1796",0.291666666666667,0.145833333333333
"frc1799",0.0416666666666667,0.0208333333333333
"frc180",0.416666666666667,0.194152056904604
"frc1801",0.3125,0.135275875185561
"frc1802",0.0416666666666667,0.0208333333333333
"frc1803",0,0
"frc1806",0.572916666666667,0.161532407174401
"frc1807",0.0208333333333333,0.0104166666666667
"frc1808",0,0
"frc181",0.125,0.0510310363079829
"frc1810",0.0694444444444444,0.0347222222222222
"frc1811",0.104166666666667,0.0520833333333333
"frc1815",0.125,0.0625
"frc1816",0.0972222222222222,0.00936436964131622
"frc1817",0.270833333333333,0.135416666666667
"frc1818",0,0
"frc1823",0,0
"frc1825",0.25,0.125
"frc1827",0,0
"frc1828",0.208333333333333,0
"frc1829",0,0
"frc1831",0.125,0.0510310363079829
"frc1836",0.229166666666667,0.114583333333333
"frc1846",0.0625,0.03125
"frc1847",0,0
"frc1849",0,0
"frc1850",0,0
"frc1860",0.208333333333333,0.104166666666667
"frc1865",0,0
"frc1868",0.180555555555556,0.0902777777777778
"frc1870",0.25,0.125
"frc1872",0,0
"frc1876",0.1875,0.09375
"frc1877",0,0
"frc188",0.40625,0.203125
"frc1880",0,0
"frc1881",0.208333333333333,0.104166666666667
"frc1884",0.375,0.1875
"frc1885",0.152777777777778,0.0763888888888889
"frc1891",0.166666666666667,0.0833333333333333
"frc1895",0.125,0.0625
"frc1896",0,0
"frc1899",0.152777777777778,0.0763888888888889
"frc190",0.21875,0.109375
"frc1902",0.194444444444444,0.0972222222222222
"frc1908",0.125,0.0625
"frc191",0.104166666666667,0.0510310363079829
"frc1912",0.104166666666667,0.0444104703565897
"frc1915",0,0
"frc1918",0.447916666666667,0.0428665595632225
"frc192",0.239583333333333,0.119791666666667
"frc1920",0,0
"frc1922",0.0833333333333333,0
"frc1923",0.182043650793651,0.0910218253968254
"frc1927",0.375,0.1875
"frc193",0.279166666666667,0.106569913185209
"frc1937",0.145833333333333,0.0729166666666667
"frc1939",0.145833333333333,0.0729166666666667
"frc1940",0,0
"frc1941",0.0208333333333333,0.0104166666666667
"frc1942",0.0833333333333333,0.0416666666666667
"frc1943",0,0
"frc1944",0,0
"frc1946",0.0416666666666667,0.0208333333333333
"frc1949",0,0
"frc195",0.506944444444444,0.0299993220781361
"frc1952",0.166666666666667,0.0833333333333333
"frc1954",0,0
"frc1965",0.104166666666667,0.0520833333333333
"frc1967",0.166666666666667,0.0833333333333333
"frc1972",0,0
"frc1973",0,0
"frc1977",0.0416666666666667,0.0208333333333333
"frc1982",0.0833333333333333,0.0416666666666667
"frc1983",0.74375,0.0222127249049322
"frc1984",0,0
"frc1985",0.326388888888889,0.163194444444444
"frc1986",0.760416666666667,0.103542581190265
"frc1987",0.236111111111111,0.100661684715163
"frc1989",0.0902777777777778,0.0451388888888889
"frc1991",0.277777777777778,0.138888888888889
"frc1994",0,0
"frc1997",0,0
"frc20",0.510416666666667,0.128126566108579
"frc2000",0.2,0.1
"frc2001",0,0
"frc2002",0.145833333333333,0.0729166666666667
"frc2004",0,0
"frc201",0.138888888888889,0.0627487991312594
"frc2010",0.0833333333333333,0.0416666666666667
"frc2013",0.333333333333333,0.166666666666667
"frc2016",0.166666666666667,0.0833333333333333
"frc2021",0,0
"frc2022",0.0416666666666667,0.0208333333333333
"frc2027",0,0
"frc2028",0.0416666666666667,0
"frc2029",0.0208333333333333,0.0104166666666667
"frc203",0.170138888888889,0.0850694444444444
"frc2034",0.0416666666666667,0.0208333333333333
"frc2035",0.0694444444444444,0.0347222222222222
"frc2036",0.0416666666666667,0.0208333333333333
"frc2037",0,0
"frc2039",0.166666666666667,0.0833333333333333
"frc204",0.236111111111111,0.118055555555556
"frc2040",0.0625,0.03125
"frc2046",0.416666666666667,0.208333333333333
"frc2048",0,0
"frc2051",0,0
"frc2052",0.625,0.110045877352472
"frc2053",0.25,0.125
"frc2054",0.5625,0.0608921266109953
"frc2056",0.770833333333333,0.0739895229072466
"frc2059",0.333333333333333,0.166666666666667
"frc2062",0.416666666666667,0.194152056904604
"frc2064",0.173611111111111,0.0868055555555556
"frc2067",0.329166666666667,0.127072645457629
"frc2068",0.0833333333333333,0.0416666666666667
"frc207",0.111111111111111,0.0555555555555556
"frc2070",0,0
"frc2073",0.104166666666667,0.0520833333333333
"frc2075",0.161458333333333,0.0807291666666667
"frc2077",0.104166666666667,0.0520833333333333
"frc2078",0.0416666666666667,0.0208333333333333
"frc2079",0.125,0.0625
"frc2080",0.118055555555556,0.0270635818195336
"frc2081",0.0625,0.03125
"frc2083",0.0833333333333333,0.0416666666666667
"frc2084",0.104166666666667,0.0520833333333333
"frc2085",0.208333333333333,0.104166666666667
"frc2090",0.375,0.1875
"frc2091",0,0
"frc2093",0.208333333333333,0.104166666666667
"frc2095",0,0
"frc21",0.0833333333333333,0.0416666666666667
"frc2102",0.1875,0.0883883476483184
"frc2104",0,0
"frc2106",0,0
"frc2107",0,0
"frc2115",0,0
"frc2121",0,0
"frc2122",0.381944444444444,0.1483551686167
"frc2128",0,0
"frc213",0.1875,0.09375
"frc2130",0.333333333333333,0.166666666666667
"frc2134",0,0
"frc2135",0.159722222222222,0.0798611111111111
"frc2136",0,0
"frc2137",0.322916666666667,0.161458333333333
"frc2141",0.0416666666666667,0.0208333333333333
"frc2144",0.104166666666667,0.0510310363079829
"frc2145",0.128472222222222,0.0642361111111111
"frc2147",0.201388888888889,0.09920026683635
"frc2148",0.0208333333333333,0.0104166666666667
"frc2149",0.125,0
"frc2151",0,0
"frc2152",0.0416666666666667,0
"frc2153",0,0
"frc2156",0,0
"frc2158",0.222222222222222,0.111111111111111
"frc216",0.177083333333333,0.0763500613333216
"frc2161",0,0
"frc2164",0.166666666666667,0.0833333333333333
"frc2165",0.166666666666667,0.0833333333333333
"frc2167",0,0
"frc2168",0.350694444444444,0.167629630278179
"frc2169",0.354166666666667,0.177083333333333
"frc217",0.284027777777778,0.127550731568782
"frc2170",0.166666666666667,0.0833333333333333
"frc2171",0,0
"frc2172",0,0
"frc2175",0.3125,0.15625
"frc2177",0.0625,0.03125
"frc2180",0.0638888888888889,0.0319444444444444
"frc2181",0.291666666666667,0.145833333333333
"frc2183",0,0
"frc2185",0.03125,0.015625
"frc2186",0,0
"frc2187",0.25,0.125
"frc219",0.175,0.0270373722576148
"frc2190",0.0625,0.03125
"frc2191",0.135416666666667,0.0197813013213461
"frc2192",0.0833333333333333,0.0416666666666667
"frc2193",0,0
"frc2194",0.138888888888889,0.0694444444444444
"frc2197",0.166666666666667,0.0833333333333333
"frc2198",0.25,0.125
"frc2199",0.0347222222222222,0.0173611111111111
"frc2200",0.166666666666667,0.0510310363079829
"frc2202",0.291666666666667,0.145833333333333
"frc2204",0,0
"frc2205",0,0
"frc2212",0.125,0.0625
"frc2213",0.0416666666666667,0.0208333333333333
"frc2216",0,0
"frc2217",0,0
"frc222",0.260416666666667,0.130208333333333
"frc2220",0.197916666666667,0.0989583333333333
"frc2221",0,0
"frc2224",0.0833333333333333,0.0416666666666667
"frc2227",0.166666666666667,0.0833333333333333
"frc2228",0.145833333333333,0.0444104703565896
"frc2229",0.0625,0.03125
"frc223",0.166666666666667,0.0589113313912745
"frc2230",0.125,0.0625
"frc2231",0.416666666666667,0.208333333333333
"frc2232",0.0833333333333333,0.0416666666666667
"frc2234",0.131944444444444,0.0659722222222222
"frc224",0.159722222222222,0.0798611111111111
"frc2240",0.125,0.0625
"frc2242",0,0
"frc2246",0.0625,0.03125
"frc225",0.552083333333333,0.0296024946350015
"frc2252",0.277777777777778,0.138888888888889
"frc2259",0.166666666666667,0.0833333333333333
"frc226",0.158333333333333,0.0572643930607916
"frc2261",0,0
"frc2262",0,0
"frc2264",0.0833333333333333,0.0416666666666667
"frc2265",0,0
"frc2275",0,0
"frc228",0.138888888888889,0.0524700052812402
"frc2283",0.472222222222222,0.178849003014218
"frc229",0.222222222222222,0.111111111111111
"frc23",0,0
"frc230",0.508333333333333,0.114784909525544
"frc231",0.236111111111111,0.0416666666666667
"frc233",0.2875,0.14375
"frc2333",0.0625,0.03125
"frc2335",0,0
"frc2337",0.391666666666667,0.148235257758378
"frc2338",0.415277777777778,0.105852301373519
"frc2339",0.270833333333333,0.135416666666667
"frc234",0.493055555555556,0.166530034019485
"frc2340",0,0
"frc2341",0.166666666666667,0.0833333333333333
"frc2342",0.0520833333333333,0.0260416666666667
"frc2344",0.25,0.125
"frc2345",0.0416666666666667,0.0208333333333333
"frc2346",0.125,0.0625
"frc2347",0,0
"frc2348",0.291666666666667,0.145833333333333
"frc2349",0.25,0.125
"frc2352",0.145833333333333,0.0729166666666667
"frc2353",0.166666666666667,0.0833333333333333
"frc2354",0.166666666666667,0.0833333333333333
"frc2357",0.0833333333333333,0.0416666666666667
"frc2358",0.145833333333333,0.0729166666666667
"frc2359",0.0833333333333333,0.0416666666666667
"frc236",0.302083333333333,0.0917137481287396
"frc2360",0,0
"frc2363",0.479166666666667,0.143174313710312
"frc2367",0.0208333333333333,0.0104166666666667
"frc2369",0,0
"frc237",0.142361111111111,0.0711805555555556
"frc2370",0.1875,0.09375
"frc2373",0.0833333333333333,0.0416666666666667
"frc2374",0.104166666666667,0
"frc2375",0.0729166666666667,0.0364583333333333
"frc2377",0.145833333333333,0.0729166666666667
"frc238",0,0
"frc2382",0,0
"frc2383",0.222222222222222,0.111111111111111
"frc2386",0.215277777777778,0.107638888888889
"frc2388",0.0208333333333333,0.0104166666666667
"frc2389",0.25,0.125
"frc2393",0.166666666666667,0.0833333333333333
"frc2395",0.145833333333333,0.0729166666666667
"frc2398",0,0
"frc2399",0.0555555555555556,0.0277777777777778
"frc240",0.375,0.1875
"frc2402",0,0
"frc2403",0.263888888888889,0.131944444444444
"frc2404",0,0
"frc2405",0.111111111111111,0.0555555555555556
"frc2408",0.166666666666667,0.0833333333333333
"frc2410",0.125,0.0625
"frc2411",0.104166666666667,0.0520833333333333
"frc2412",0.215277777777778,0.107638888888889
"frc2415",0.291666666666667,0.145833333333333
"frc2421",0.0833333333333333,0.0416666666666667
"frc2423",0.104166666666667,0.0520833333333333
"frc2424",0.166666666666667,0.0833333333333333
"frc2425",0.0833333333333333,0.0416666666666667
"frc2429",0.0208333333333333,0.0104166666666667
"frc2432",0,0
"frc2434",0,0
"frc2435",0,0
"frc2437",0.25,0.125
"frc2438",0.166666666666667,0.0833333333333333
"frc2439",0.208333333333333,0.104166666666667
"frc244",0.120833333333333,0.0604166666666667
"frc2441",0.125,0.0625
"frc2443",0.270833333333333,0.135416666666667
"frc2444",0.166666666666667,0.0833333333333333
"frc2445",0.166666666666667,0.0833333333333333
"frc2449",0.125,0.0625
"frc245",0.33125,0.165625
"frc2450",0,0
"frc2451",0.409722222222222,0.141217365546633
"frc2453",0,0
"frc2455",0,0
"frc2457",0.25,0.125
"frc2458",0.0208333333333333,0.0104166666666667
"frc2459",0,0
"frc246",0.194444444444444,0.0972222222222222
"frc2461",0.125,0.0625
"frc2465",0.104166666666667,0.0520833333333333
"frc2468",0.51875,0.0437851942182401
"frc247",0.194444444444444,0.0972222222222222
"frc2470",0.0416666666666667,0.0208333333333333
"frc2471",0.461805555555556,0.15143272854607
"frc2472",0.4375,0.21875
"frc2473",0.0208333333333333,0.0104166666666667
"frc2474",0.3125,0.15625
"frc2477",0,0
"frc2478",0.28125,0.140625
"frc2479",0,0
"frc2480",0,0
"frc2481",0.517361111111111,0.138715251411079
"frc2483",0.0625,0.03125
"frc2484",0.125,0.0625
"frc2485",0.444444444444444,0.222222222222222
"frc2486",0.208333333333333,0.104166666666667
"frc2487",0.125,0.0625
"frc2489",0.1875,0.09375
"frc2491",0,0
"frc2493",0.145833333333333,0.0510310363079829
"frc2495",0.194444444444444,0.0972222222222222
"frc2496",0.104166666666667,0.0520833333333333
"frc2498",0.166666666666667,0.0833333333333333
"frc2499",0,0
"frc25",0.175,0.0424276418718975
"frc250",0.1875,0.09375
"frc2500",0.0416666666666667,0.0208333333333333
"frc2501",0.25,0.125
"frc2502",0.25,0.125
"frc2503",0.125,0.0625
"frc2504",0.166666666666667,0.0833333333333333
"frc2506",0.104166666666667,0.0520833333333333
"frc2508",0.0416666666666667,0.0208333333333333
"frc2509",0.208333333333333,0.104166666666667
"frc2511",0,0
"frc2512",0.416666666666667,0.208333333333333
"frc2513",0,0
"frc2515",0,0
"frc2517",0.0416666666666667,0.0208333333333333
"frc2518",0.0416666666666667,0.0208333333333333
"frc2520",0,0
"frc2521",0.135416666666667,0.0677083333333333
"frc2522",0.33125,0.165625
"frc2523",0.25,0.125
"frc2526",0.302083333333333,0.151041666666667
"frc2528",0.0208333333333333,0.0104166666666667
"frc2529",0.0416666666666667,0.0208333333333333
"frc253",0,0
"frc2530",0.25,0.125
"frc2531",0,0
"frc2534",0.152777777777778,0.0763888888888889
"frc2535",0,0
"frc2537",0.1875,0.09375
"frc2538",0.0416666666666667,0.0208333333333333
"frc2539",0.111111111111111,0.0555555555555556
"frc254",0.833333333333333,0.25
"frc2542",0,0
"frc2543",0.194444444444444,0.0972222222222222
"frc2544",0,0
"frc2545",0,0
"frc2546",0,0
"frc2550",0.319444444444444,0.159722222222222
"frc2551",0.0833333333333333,0.0416666666666667
"frc2554",0.0416666666666667,0.0208333333333333
"frc2555",0.125,0.0625
"frc2556",0.0625,0.03125
"frc2557",0.208333333333333,0.104166666666667
"frc2559",0.25,0.125
"frc256",0.0208333333333333,0.0104166666666667
"frc2560",0,0
"frc2574",0.25,0.125
"frc2576",0,0
"frc2577",0.131944444444444,0.0659722222222222
"frc2579",0.0416666666666667,0.0208333333333333
"frc2582",0.166666666666667,0.0833333333333333
"frc2583",0,0
"frc2584",0,0
"frc2585",0.333333333333333,0.166666666666667
"frc2586",0.520833333333333,0.233853586673371
"frc2587",0.222222222222222,0.0888830209813956
"frc2590",0.649305555555556,0.0753239548455562
"frc2591",0.104166666666667,0.0520833333333333
"frc2594",0.145833333333333,0.0729166666666667
"frc2600",0,0
"frc2601",0.0763888888888889,0.0381944444444444
"frc2603",0.104166666666667,0.0520833333333333
"frc2604",0.0416666666666667,0.0208333333333333
"frc2605",0.114583333333333,0.0572916666666667
"frc2607",0.385416666666667,0.156988985020302
"frc2609",0.0729166666666667,0.0114689636920171
"frc2611",0.104166666666667,0.0520833333333333
"frc2612",0.135416666666667,0.0677083333333333
"frc2613",0.25,0.125
"frc2614",0.364583333333333,0.182291666666667
"frc2619",0.208333333333333,0.104166666666667
"frc2620",0.125,0.0625
"frc2621",0,0
"frc2625",0,0
"frc2626",0.125,0.0625
"frc263",0.229166666666667,0.114583333333333
"frc2630",0.277777777777778,0.138888888888889
"frc2632",0.0833333333333333,0.0416666666666667
"frc2635",0.177083333333333,0.0885416666666667
"frc2637",0.166666666666667,0.0510310363079829
"frc2638",0.201388888888889,0.100694444444444
"frc2640",0.166666666666667,0.0833333333333333
"frc2641",0.0833333333333333,0.0416666666666667
"frc2642",0.145833333333333,0.0642623698700886
"frc2643",0.145833333333333,0.0729166666666667
"frc2647",0.166666666666667,0.0833333333333333
"frc2648",0.209722222222222,0.104861111111111
"frc265",0,0
"frc2655",0.125,0.0625
"frc2656",0,0
"frc2657",0.208333333333333,0.104166666666667
"frc2658",0.0416666666666667,0.0208333333333333
"frc2659",0.0625,0.03125
"frc2660",0.0416666666666667,0.0208333333333333
"frc2662",0,0
"frc2665",0.111111111111111,0.0555555555555556
"frc2673",0.125,0.0625
"frc2676",0.166666666666667,0.0833333333333333
"frc2679",0.0416666666666667,0.0208333333333333
"frc2682",0.0625,0.03125
"frc269",0.1875,0.09375
"frc27",0.429166666666667,0.0176486165499842
"frc2702",0.145833333333333,0.0729166666666667
"frc2704",0.0347222222222222,0.0173611111111111
"frc2705",0.166666666666667,0.0833333333333333
"frc2709",0.111111111111111,0.0555555555555556
"frc271",0.298611111111111,0.149305555555556
"frc2713",0.0833333333333333,0.0416666666666667
"frc272",0.25,0.125
"frc2721",0,0
"frc2723",0,0
"frc2725",0,0
"frc2729",0.246527777777778,0.123263888888889
"frc2733",0.3125,0
"frc2737",0,0
"frc2747",0,0
"frc2757",0,0
"frc276",0,0
"frc2761",0.166666666666667,0.0833333333333333
"frc2765",0,0
"frc2767",0.175347222222222,0.0876736111111111
"frc2771",0.131944444444444,0.0659722222222222
"frc2773",0.0208333333333333,0.0104166666666667
"frc2781",0,0
"frc2783",0.111111111111111,0.0555555555555556
"frc2785",0,0
"frc2789",0.3125,0.15625
"frc279",0.104166666666667,0.0520833333333333
"frc2791",0.208333333333333,0.104166666666667
"frc2795",0,0
"frc2797",0.0208333333333333,0.0104166666666667
"frc28",0.208333333333333,0.104166666666667
"frc280",0.128472222222222,0.0642361111111111
"frc2803",0,0
"frc2805",0,0
"frc2809",0.0902777777777778,0.0451388888888889
"frc281",0.104166666666667,0.0520833333333333
"frc2811",0.1875,0.09375
"frc2813",0.0208333333333333,0.0104166666666667
"frc2815",0,0
"frc2817",0,0
"frc2819",0,0
"frc2823",0.0833333333333333,0.0416666666666667
"frc2825",0,0
"frc2826",0.416666666666667,0.208333333333333
"frc2827",0.0416666666666667,0.0208333333333333
"frc283",0.1875,0.09375
"frc2830",0.131944444444444,0.0659722222222222
"frc2832",0.111111111111111,0.0416666666666667
"frc2833",0,0
"frc2834",0.326041666666667,0.163020833333333
"frc2836",0.145833333333333,0.0729166666666667
"frc2838",0.125,0.0625
"frc2839",0.166666666666667,0.0833333333333333
"frc2840",0.166666666666667,0.0833333333333333
"frc2844",0.03125,0.015625
"frc2845",0,0
"frc2846",0.125,0.0625
"frc2848",0.354166666666667,0.177083333333333
"frc2849",0.0416666666666667,0.0208333333333333
"frc2851",0.185416666666667,0.0927083333333333
"frc2852",0.25,0.125
"frc2853",0.0833333333333333,0.0416666666666667
"frc2854",0,0
"frc2855",0.0416666666666667,0.0208333333333333
"frc2856",0,0
"frc2861",0,0
"frc2866",0.125,0.0625
"frc2867",0.0729166666666667,0.0364583333333333
"frc2869",0,0
"frc287",0.1875,0.09375
"frc2871",0,0
"frc2872",0.0416666666666667,0.0208333333333333
"frc2874",0,0
"frc2875",0.166666666666667,0.0833333333333333
"frc2876",0.114583333333333,0.0572916666666667
"frc2877",0.229166666666667,0.114583333333333
"frc2879",0,0
"frc288",0.0520833333333333,0.0260416666666667
"frc2881",0.125,0.0625
"frc2882",0,0
"frc2883",0.333333333333333,0.166666666666667
"frc2890",0.0416666666666667,0.0208333333333333
"frc2895",0,0
"frc2896",0,0
"frc2897",0,0
"frc2898",0,0
"frc2900",0,0
"frc2902",0,0
"frc2903",0.145833333333333,0.0729166666666667
"frc2905",0,0
"frc2906",0.0833333333333333,0.0416666666666667
"frc2907",0.322916666666667,0.15858521862553
"frc2909",0,0
"frc291",0.0972222222222222,0.0486111111111111
"frc2910",0.0625,0.03125
"frc2911",0,0
"frc2912",0.0416666666666667,0.0208333333333333
"frc2914",0.104166666666667,0.0520833333333333
"frc2915",0.270833333333333,0.135416666666667
"frc2916",0,0
"frc2917",0,0
"frc2918",0.0833333333333333,0.0416666666666667
"frc292",0.197916666666667,0.0989583333333333
"frc2922",0,0
"frc2923",0.270833333333333,0.135416666666667
"frc2926",0.0625,0.03125
"frc2927",0.0625,0.03125
"frc2928",0.241666666666667,0.120833333333333
"frc2929",0.1875,0
"frc293",0.284722222222222,0.142361111111111
"frc2930",0.308333333333333,0.154166666666667
"frc2933",0,0
"frc2935",0.125,0.0625
"frc2936",0.145833333333333,0.0229379273840342
"frc294",0.284722222222222,0.142361111111111
"frc2942",0,0
"frc2944",0.145833333333333,0.0729166666666667
"frc2945",0.0416666666666667,0.0208333333333333
"frc295",0.138888888888889,0.0694444444444444
"frc2950",0.0833333333333333,0.0416666666666667
"frc2952",0,0
"frc2959",0.3375,0.0835890427732498
"frc296",0.0416666666666667,0.0208333333333333
"frc2960",0.143055555555556,0.039426534094495
"frc2961",0,0
"frc2963",0,0
"frc2964",0.0416666666666667,0.0208333333333333
"frc2965",0,0
"frc2966",0,0
"frc2969",0,0
"frc297",0.0625,0.03125
"frc2972",0.145833333333333,0.0729166666666667
"frc2973",0.0416666666666667,0.0208333333333333
"frc2974",0.333333333333333,0.15704018469982
"frc2976",0.166666666666667,0.0833333333333333
"frc2977",0.125,0.0625
"frc2978",0.0625,0.03125
"frc2980",0.0555555555555556,0.0277777777777778
"frc2982",0,0
"frc2984",0.145833333333333,0.0729166666666667
"frc2985",0,0
"frc2986",0,0
"frc2987",0.0833333333333333,0.0416666666666667
"frc2988",0,0
"frc2990",0.149305555555556,0.0746527777777778
"frc2992",0.145833333333333,0.0729166666666667
"frc2993",0.125,0.0625
"frc2994",0.118055555555556,0.0470529977608068
"frc2996",0.319444444444444,0.159722222222222
"frc2998",0,0
"frc3000",0,0
"frc3003",0.208333333333333,0.104166666666667
"frc3004",0,0
"frc3005",0.145833333333333,0.0729166666666667
"frc3006",0.0833333333333333,0.0416666666666667
"frc3007",0.208333333333333,0.104166666666667
"frc3008",0.263888888888889,0.131944444444444
"frc3009",0.125,0.0625
"frc3010",0.208333333333333,0.104166666666667
"frc3011",0.0208333333333333,0.0104166666666667
"frc3013",0.0416666666666667,0.0208333333333333
"frc3015",0.354166666666667,0.128624131756955
"frc3016",0,0
"frc3017",0.09375,0.046875
"frc3018",0.291666666666667,0.145833333333333
"frc3019",0.166666666666667,0.0510310363079829
"frc302",0.0694444444444444,0.0347222222222222
"frc3021",0.0416666666666667,0.0208333333333333
"frc3022",0,0
"frc3024",0.0972222222222222,0.0486111111111111
"frc3026",0.125,0.0625
"frc3027",0,0
"frc3028",0,0
"frc3029",0,0
"frc303",0.294444444444444,0.147222222222222
"frc3034",0,0
"frc3035",0,0
"frc3036",0,0
"frc3037",0,0
"frc3038",0.166666666666667,0.0833333333333333
"frc3039",0.375,0.1875
"frc304",0.0902777777777778,0.0451388888888889
"frc3041",0,0
"frc3042",0.125,0
"frc3043",0.0416666666666667,0.0208333333333333
"frc3044",0.333333333333333,0.166666666666667
"frc3045",0,0
"frc3048",0,0
"frc3049",0.1875,0.09375
"frc3053",0,0
"frc3054",0,0
"frc3058",0.166666666666667,0.0833333333333333
"frc3059",0.0208333333333333,0.0104166666666667
"frc306",0,0
"frc3061",0.0625,0.03125
"frc3062",0,0
"frc3063",0,0
"frc3065",0.416666666666667,0.208333333333333
"frc3067",0.0833333333333333,0.0416666666666667
"frc3070",0.104166666666667,0.0520833333333333
"frc3072",0.0833333333333333,0.0416666666666667
"frc3075",0.0416666666666667,0.0208333333333333
"frc308",0.111111111111111,0.0524700052812402
"frc3080",0,0
"frc3081",0.0208333333333333,0.0104166666666667
"frc3082",0.0833333333333333,0.0416666666666667
"frc3083",0.0416666666666667,0.0208333333333333
"frc3087",0,0
"frc3091",0,0
"frc3096",0.0625,0.03125
"frc3098",0.34375,0.118049020027525
"frc31",0,0
"frc3100",0,0
"frc3102",0.1875,0.09375
"frc3103",0.111111111111111,0.0555555555555556
"frc3104",0.0416666666666667,0.0208333333333333
"frc3110",0,0
"frc3116",0,0
"frc3117",0.25,0.0510310363079829
"frc3120",0.0208333333333333,0.0104166666666667
"frc3122",0,0
"frc3123",0.5,0.25
"frc3128",0.104166666666667,0.0520833333333333
"frc313",0.0208333333333333,0.0104166666666667
"frc3130",0.0625,0.03125
"frc3131",0.0486111111111111,0.0243055555555556
"frc3132",0.302083333333333,0.151041666666667
"frc3133",0.0625,0.03125
"frc3135",0.0833333333333333,0.0416666666666667
"frc3136",0,0
"frc3137",0.3125,0.15625
"frc3138",0.0902777777777778,0.0270635818195336
"frc3139",0.0416666666666667,0.0208333333333333
"frc314",0.541666666666667,0.0998622958989816
"frc3140",0.0763888888888889,0.0381944444444444
"frc3142",0.0902777777777778,0.0451388888888889
"frc3145",0.236111111111111,0.118055555555556
"frc3146",0.114583333333333,0.0572916666666667
"frc3147",0.375,0.1875
"frc3150",0,0
"frc3151",0.104166666666667,0.0510310363079829
"frc3152",0,0
"frc3157",0,0
"frc3158",0.138888888888889,0.0694444444444444
"frc316",0.499305555555556,0.0951990829481998
"frc3160",0.0833333333333333,0.0416666666666667
"frc3161",0.152777777777778,0.0763888888888889
"frc3163",0,0
"frc3164",0.0833333333333333,0.0416666666666667
"frc3166",0.125,0.0625
"frc3167",0.0208333333333333,0.0104166666666667
"frc3168",0,0
"frc3169",0,0
"frc3171",0.347222222222222,0.173611111111111
"frc3172",0.0833333333333333,0.0416666666666667
"frc3173",0.229166666666667,0.114583333333333
"frc3175",0.131944444444444,0.0659722222222222
"frc3176",0.0694444444444444,0.0347222222222222
"frc3177",0,0
"frc3179",0.0416666666666667,0.0208333333333333
"frc3180",0.0208333333333333,0.0104166666666667
"frc3181",0,0
"frc3182",0.0833333333333333,0.0416666666666667
"frc3184",0.152777777777778,0.0763888888888889
"frc3186",0,0
"frc3187",0.0625,0
"frc3189",0.111111111111111,0.0555555555555556
"frc319",0.145833333333333,0.0729166666666667
"frc3191",0.5,0.25
"frc3192",0.0208333333333333,0.0104166666666667
"frc3193",0.215277777777778,0.107638888888889
"frc3196",0.125,0.0510310363079829
"frc3197",0,0
"frc3200",0.208333333333333,0.104166666666667
"frc3201",0.125,0.0625
"frc3202",0.291666666666667,0.145833333333333
"frc3204",0,0
"frc3205",0.145833333333333,0.0729166666666667
"frc3206",0,0
"frc321",0.0625,0.03125
"frc3211",0.25,0.125
"frc3212",0,0
"frc3215",0,0
"frc3216",0.0416666666666667,0.0208333333333333
"frc3218",0.0625,0.03125
"frc3219",0.111111111111111,0.0555555555555556
"frc322",0,0
"frc3220",0.09375,0.046875
"frc3221",0.104166666666667,0.0520833333333333
"frc3223",0.0208333333333333,0.0104166666666667
"frc3224",0,0
"frc3225",0,0
"frc3227",0.0625,0.03125
"frc3229",0,0
"frc3230",0.208333333333333,0.104166666666667
"frc3233",0,0
"frc3234",0.215277777777778,0.107638888888889
"frc3236",0.125,0.0625
"frc3237",0.229166666666667,0.114583333333333
"frc3238",0.229166666666667,0.114583333333333
"frc3239",0.208333333333333,0.104166666666667
"frc3240",0,0
"frc3241",0.0416666666666667,0.0208333333333333
"frc3242",0.0416666666666667,0.0208333333333333
"frc3243",0.0208333333333333,0.0104166666666667
"frc3244",0.208333333333333,0.104166666666667
"frc3245",0.326388888888889,0.163194444444444
"frc3247",0.0416666666666667,0.0208333333333333
"frc3250",0.215277777777778,0.0859218667649996
"frc3251",0.166666666666667,0.0833333333333333
"frc3255",0.256944444444444,0.128472222222222
"frc3256",0.0381944444444444,0.00558227484231506
"frc3257",0,0
"frc3258",0,0
"frc3259",0.0833333333333333,0.0416666666666667
"frc326",0.1,0.05
"frc3260",0.395833333333333,0.197916666666667
"frc3265",0,0
"frc3266",0.243055555555556,0.121527777777778
"frc3268",0.0416666666666667,0.0208333333333333
"frc3270",0,0
"frc3272",0,0
"frc3274",0,0
"frc3276",0.25,0.125
"frc3277",0.3125,0.15625
"frc3278",0.0555555555555556,0.0277777777777778
"frc3280",0.34375,0.171875
"frc3281",0,0
"frc3282",0,0
"frc3283",0,0
"frc3284",0.375,0.1875
"frc3286",0,0
"frc3288",0.0763888888888889,0.0381944444444444
"frc3289",0.166666666666667,0.0833333333333333
"frc329",0.319444444444444,0.159722222222222
"frc3290",0,0
"frc3292",0,0
"frc3294",0.0416666666666667,0.0208333333333333
"frc3295",0,0
"frc3297",0,0
"frc3298",0,0
"frc3299",0.125,0.0625
"frc33",0.680555555555556,0.0680151752749642
"frc330",0.459722222222222,0.214987872035919
"frc3300",0,0
"frc3301",0.302083333333333,0.151041666666667
"frc3302",0.152777777777778,0.0763888888888889
"frc3303",0.0416666666666667,0.0208333333333333
"frc3305",0.0833333333333333,0.0416666666666667
"frc3307",0,0
"frc3309",0.277777777777778,0.138888888888889
"frc3310",0.430555555555556,0.0455983629817616
"frc3313",0.333333333333333,0.166666666666667
"frc3314",0.246527777777778,0.103709721662105
"frc3315",0,0
"frc3316",0.375,0.1875
"frc3318",0.0833333333333333,0.0416666666666667
"frc3319",0.0416666666666667,0.0208333333333333
"frc3320",0.0625,0.03125
"frc3321",0,0
"frc3322",0.145833333333333,0.0642623698700886
"frc3323",0.1875,0.09375
"frc3324",0.25,0.125
"frc3328",0.0625,0.03125
"frc3329",0.0416666666666667,0.0208333333333333
"frc333",0.0625,0.03125
"frc3330",0,0
"frc3331",0,0
"frc3334",0.0625,0.03125
"frc3335",0.104166666666667,0
"frc3336",0.0416666666666667,0.0208333333333333
"frc3337",0.0208333333333333,0.0104166666666667
"frc3339",0.340277777777778,0.170138888888889
"frc334",0.243055555555556,0.121527777777778
"frc3340",0.333333333333333,0.166666666666667
"frc3341",0,0
"frc3344",0,0
"frc3345",0,0
"frc335",0,0
"frc3350",0.0625,0.03125
"frc3352",0.0208333333333333,0.0104166666666667
"frc3353",0,0
"frc3354",0.0208333333333333,0.0104166666666667
"frc3355",0.0833333333333333,0.0416666666666667
"frc3356",0,0
"frc3357",0.0763888888888889,0.0270635818195336
"frc3359",0,0
"frc3360",0.375,0.1875
"frc3361",0,0
"frc3366",0.0833333333333333,0.0416666666666667
"frc3368",0,0
"frc337",0.180555555555556,0.0902777777777778
"frc3370",0,0
"frc3373",0.0416666666666667,0.0208333333333333
"frc3374",0.104166666666667,0.0520833333333333
"frc3376",0,0
"frc3379",0.0833333333333333,0.0416666666666667
"frc3381",0,0
"frc3382",0.208333333333333,0.104166666666667
"frc3386",0.194444444444444,0.0972222222222222
"frc3387",0.229166666666667,0.114583333333333
"frc3388",0.0416666666666667,0.0208333333333333
"frc3389",0,0
"frc339",0.0625,0.03125
"frc3390",0,0
"frc3393",0.15625,0.078125
"frc3396",0.125,0.0625
"frc3397",0,0
"frc3398",0.0208333333333333,0.0104166666666667
"frc34",0.125,0.0625
"frc340",0.270833333333333,0.135416666666667
"frc3402",0,0
"frc3403",0.0625,0.03125
"frc3405",0.375,0.1875
"frc3407",0.0416666666666667,0.0208333333333333
"frc3408",0.0833333333333333,0.0416666666666667
"frc341",0.45,0.182553467650614
"frc3410",0.0972222222222222,0.0486111111111111
"frc3411",0.25,0.125
"frc3413",0,0
"frc3414",0.21875,0.109375
"frc3415",0,0
"frc3417",0,0
"frc3418",0.25,0.125
"frc3419",0.236111111111111,0.118055555555556
"frc342",0.104166666666667,0.0520833333333333
"frc3421",0.166666666666667,0.0833333333333333
"frc343",0.208333333333333,0.104166666666667
"frc3451",0.0833333333333333,0.0416666666666667
"frc3452",0.276041666666667,0.138020833333333
"frc3453",0,0
"frc3454",0,0
"frc3455",0.0416666666666667,0.0208333333333333
"frc3457",0,0
"frc3458",0.0416666666666667,0.0208333333333333
"frc3459",0.0416666666666667,0.0208333333333333
"frc346",0.166666666666667,0.0833333333333333
"frc3460",0.0416666666666667,0.0208333333333333
"frc3461",0.0416666666666667,0.0208333333333333
"frc3464",0.1875,0.09375
"frc3465",0.0416666666666667,0.0208333333333333
"frc3466",0.125,0.0625
"frc3467",0.368055555555556,0.184027777777778
"frc3468",0,0
"frc3469",0,0
"frc3470",0,0
"frc3472",0.25,0.125
"frc3473",0.0208333333333333,0.0104166666666667
"frc3475",0,0
"frc3476",0.440972222222222,0.0955062971326678
"frc3478",0.166666666666667,0.0833333333333333
"frc3479",0.0625,0.03125
"frc348",0.180555555555556,0.0902777777777778
"frc3480",0.25,0.125
"frc3481",0.128472222222222,0.0642361111111111
"frc3482",0.0416666666666667,0.0208333333333333
"frc3483",0.125,0.0625
"frc3484",0.0833333333333333,0.0416666666666667
"frc3485",0,0
"frc3486",0,0
"frc3487",0.208333333333333,0.104166666666667
"frc3488",0,0
"frc3489",0.173611111111111,0.0868055555555556
"frc3490",0.270833333333333,0.135416666666667
"frc3491",0.0416666666666667,0.0208333333333333
"frc3492",0.25,0.125
"frc3493",0,0
"frc3494",0.208333333333333,0.0913162007131003
"frc3495",0.104166666666667,0.0520833333333333
"frc3496",0.125,0.0625
"frc3497",0.0625,0.03125
"frc3498",0,0
"frc3499",0.145833333333333,0.0729166666666667
"frc3501",0.152777777777778,0.0763888888888889
"frc3502",0.166666666666667,0.0833333333333333
"frc3504",0.0486111111111111,0.0243055555555556
"frc3506",0.1875,0.0444104703565896
"frc3507",0.256944444444444,0.0525204485284815
"frc3509",0,0
"frc3510",0,0
"frc3511",0.104166666666667,0.0520833333333333
"frc3512",0.25,0.115255835382296
"frc3513",0.208333333333333,0.104166666666667
"frc3515",0,0
"frc3516",0.0208333333333333,0.0104166666666667
"frc352",0,0
"frc3521",0,0
"frc3522",0.166666666666667,0.0833333333333333
"frc3524",0,0
"frc3525",0.15,0.0584183431633813
"frc3526",0.125,0.0625
"frc3527",0.166666666666667,0.0833333333333333
"frc3528",0.208333333333333,0.104166666666667
"frc353",0.0833333333333333,0.0416666666666667
"frc3530",0.125,0.0625
"frc3532",0.0833333333333333,0.0416666666666667
"frc3533",0,0
"frc3534",0.145833333333333,0.0729166666666667
"frc3535",0.208333333333333,0.104166666666667
"frc3536",0.260416666666667,0.130208333333333
"frc3537",0,0
"frc3538",0.114583333333333,0.0255155181539914
"frc3539",0.317708333333333,0.135434439885334
"frc354",0.416666666666667,0.208333333333333
"frc3541",0.125,0.0625
"frc3542",0.166666666666667,0.0833333333333333
"frc3543",0.0416666666666667,0.0208333333333333
"frc3544",0,0
"frc3545",0.166666666666667,0.0833333333333333
"frc3546",0.291666666666667,0.145833333333333
"frc3547",0.194444444444444,0.0972222222222222
"frc3548",0.145833333333333,0.0729166666666667
"frc3550",0.125,0
"frc3552",0,0
"frc3554",0,0
"frc3555",0,0
"frc3556",0.166666666666667,0.0833333333333333
"frc3557",0,0
"frc3559",0.0208333333333333,0.0104166666666667
"frc3560",0,0
"frc3561",0,0
"frc3562",0.180555555555556,0.0902777777777778
"frc3565",0,0
"frc3566",0.118055555555556,0.0590277777777778
"frc3567",0.0625,0.03125
"frc3568",0.0625,0.03125
"frc357",0.152777777777778,0.0763888888888889
"frc3570",0.104166666666667,0.0520833333333333
"frc3571",0.0625,0.03125
"frc3572",0.152777777777778,0.00936436964131622
"frc3573",0,0
"frc3574",0.111111111111111,0.0555555555555556
"frc3575",0.0416666666666667,0.0208333333333333
"frc3576",0.0625,0.03125
"frc3577",0.0625,0.03125
"frc358",0.222222222222222,0.111111111111111
"frc3581",0.0833333333333333,0.0416666666666667
"frc3582",0,0
"frc3585",0.0208333333333333,0.0104166666666667
"frc3586",0.229166666666667,0.114583333333333
"frc3588",0.208333333333333,0.104166666666667
"frc359",0.74375,0.0222127249049322
"frc3591",0.104166666666667,0.0520833333333333
"frc3593",0.166666666666667,0.0510310363079829
"frc3596",0,0
"frc3597",0.125,0.0625
"frc3598",0.125,0.0510310363079829
"frc360",0.25,0.125
"frc3600",0.125,0.0625
"frc3602",0.348958333333333,0.126079637167813
"frc3603",0.0833333333333333,0.0416666666666667
"frc3604",0.263888888888889,0.12615409605195
"frc3606",0.0416666666666667,0.0208333333333333
"frc3607",0.0625,0.03125
"frc3609",0.333333333333333,0.166666666666667
"frc3611",0,0
"frc3612",0.194444444444444,0.0972222222222222
"frc3614",0.0625,0.03125
"frc3615",0,0
"frc3616",0.194444444444444,0.0972222222222222
"frc3617",0.0833333333333333,0.0416666666666667
"frc3618",0.210069444444444,0.104691547160724
"frc3619",0.0625,0.03125
"frc3620",0.276041666666667,0.138020833333333
"frc3623",0.0625,0.03125
"frc3624",0.229166666666667,0.0883883476483184
"frc3626",0.1875,0.09375
"frc3627",0,0
"frc3630",0.0416666666666667,0.0208333333333333
"frc3632",0.0416666666666667,0.0208333333333333
"frc3634",0.0416666666666667,0.0208333333333333
"frc3635",0.0416666666666667,0.0208333333333333
"frc3636",0.0416666666666667,0.0208333333333333
"frc3637",0.125,0.0625
"frc3639",0,0
"frc364",0.375,0.1875
"frc3640",0,0
"frc3641",0.274305555555556,0.137152777777778
"frc3643",0,0
"frc3646",0.0833333333333333,0.0416666666666667
"frc3647",0.0416666666666667,0.0208333333333333
"frc3648",0,0
"frc365",0.239583333333333,0.0807199509152761
"frc3650",0,0
"frc3651",0,0
"frc3653",0.0833333333333333,0.0416666666666667
"frc3654",0.0208333333333333,0.0104166666666667
"frc3655",0.0416666666666667,0.0208333333333333
"frc3656",0.28125,0.140625
"frc3658",0.0625,0
"frc3659",0,0
"frc3660",0.229166666666667,0.114583333333333
"frc3661",0,0
"frc3662",0,0
"frc3663",0.345833333333333,0.045569108378679
"frc3666",0.0208333333333333,0.0104166666666667
"frc3667",0.263888888888889,0.131944444444444
"frc3668",0.0833333333333333,0.0416666666666667
"frc3669",0.104166666666667,0.0520833333333333
"frc3672",0,0
"frc3673",0.0208333333333333,0.0104166666666667
"frc3674",0.229166666666667,0.114583333333333
"frc3675",0.0416666666666667,0.0208333333333333
"frc3676",0.0416666666666667,0.0208333333333333
"frc3679",0,0
"frc368",0.588541666666667,0.0636278329423177
"frc3680",0.0416666666666667,0.0208333333333333
"frc3681",0.125,0.0625
"frc3683",0.263888888888889,0.131944444444444
"frc3684",0.104166666666667,0.0520833333333333
"frc3685",0,0
"frc3686",0.125,0.0625
"frc3687",0.0416666666666667,0.0208333333333333
"frc3688",0.149305555555556,0.0746527777777778
"frc369",0.145833333333333,0.0729166666666667
"frc3692",0.194444444444444,0.0972222222222222
"frc3693",0.1875,0.09375
"frc3694",0,0
"frc3695",0.0833333333333333,0.0416666666666667
"frc3696",0,0
"frc3700",0,0
"frc3701",0.0416666666666667,0.0208333333333333
"frc3703",0,0
"frc3704",0,0
"frc3706",0,0
"frc3707",0.25,0.125
"frc3709",0,0
"frc371",0,0
"frc3710",0.458333333333333,0.229166666666667
"frc3711",0.152777777777778,0.0763888888888889
"frc3712",0.0625,0.03125
"frc3714",0,0
"frc3716",0,0
"frc3718",0.1875,0.09375
"frc3719",0.104166666666667,0.0520833333333333
"frc3721",0.208333333333333,0.104166666666667
"frc3728",0.166666666666667,0.0833333333333333
"frc3729",0,0
"frc3730",0,0
"frc3732",0,0
"frc3734",0.0833333333333333,0.0416666666666667
"frc3735",0.104166666666667,0.0520833333333333
"frc3737",0.0416666666666667,0.0208333333333333
"frc3739",0,0
"frc3740",0,0
"frc3741",0.0833333333333333,0.0416666666666667
"frc3743",0.0416666666666667,0.0208333333333333
"frc3745",0.0416666666666667,0.0208333333333333
"frc3748",0,0
"frc3749",0,0
"frc375",0.180555555555556,0.0888830209813956
"frc3751",0.0625,0.03125
"frc3752",0,0
"frc3753",0.25,0.125
"frc3754",0,0
"frc3755",0.208333333333333,0.104166666666667
"frc3756",0.125,0.0625
"frc3759",0,0
"frc3760",0,0
"frc3763",0.0416666666666667,0.0208333333333333
"frc3764",0,0
"frc3765",0,0
"frc3767",0.104166666666667,0.0510310363079829
"frc3770",0.131944444444444,0.0323022970253505
"frc3773",0.229166666666667,0.114583333333333
"frc3777",0,0
"frc378",0.319444444444444,0.159722222222222
"frc3780",0.0833333333333333,0.0416666666666667
"frc3781",0.0416666666666667,0.0208333333333333
"frc3782",0,0
"frc3783",0,0
"frc3784",0.0625,0
"frc3785",0.402777777777778,0.201388888888889
"frc3786",0.0208333333333333,0.0104166666666667
"frc3787",0.0729166666666667,0.0364583333333333
"frc3788",0,0
"frc3789",0.347222222222222,0.173611111111111
"frc379",0.475694444444444,0.125580479153937
"frc3790",0,0
"frc3792",0.0833333333333333,0.0416666666666667
"frc3793",0,0
"frc3794",0.25,0.125
"frc3796",0,0
"frc3797",0,0
"frc3798",0,0
"frc3799",0,0
"frc3800",0.0416666666666667,0.0208333333333333
"frc3801",0,0
"frc3802",0.166666666666667,0.0833333333333333
"frc3807",0.0416666666666667,0.0208333333333333
"frc3811",0,0
"frc3812",0.260416666666667,0.130208333333333
"frc3813",0,0
"frc3814",0.0416666666666667,0.0208333333333333
"frc3815",0,0
"frc3821",0,0
"frc3822",0.0416666666666667,0.0208333333333333
"frc3824",0.534722222222222,0.0540259945611857
"frc3826",0.229166666666667,0.114583333333333
"frc3828",0,0
"frc3829",0,0
"frc383",0.3125,0.15625
"frc3831",0,0
"frc3833",0,0
"frc3834",0.0833333333333333,0.0416666666666667
"frc3835",0.25,0.125
"frc3838",0.0833333333333333,0.0416666666666667
"frc3839",0,0
"frc384",0.333333333333333,0.166666666666667
"frc3840",0,0
"frc3842",0,0
"frc3843",0.208333333333333,0.104166666666667
"frc3844",0.1875,0.09375
"frc3845",0,0
"frc3846",0,0
"frc3847",0.222222222222222,0.0416666666666667
"frc3849",0,0
"frc3851",0.125,0.0625
"frc3853",0.0416666666666667,0.0208333333333333
"frc3856",0,0
"frc3859",0.0833333333333333,0.0416666666666667
"frc386",0.291666666666667,0.145833333333333
"frc3861",0,0
"frc3862",0.125,0.0625
"frc3863",0.0208333333333333,0.0104166666666667
"frc3865",0.111111111111111,0.0555555555555556
"frc3868",0.0416666666666667,0.0208333333333333
"frc3870",0,0
"frc3871",0,0
"frc3872",0,0
"frc3875",0.0625,0.03125
"frc3876",0.03125,0.015625
"frc3878",0.0416666666666667,0.0208333333333333
"frc388",0.166666666666667,0.0833333333333333
"frc3880",0.184027777777778,0.0920138888888889
"frc3881",0.138888888888889,0.0694444444444444
"frc3882",0.145833333333333,0.0729166666666667
"frc3883",0.3125,0.15625
"frc3884",0,0
"frc3885",0.0833333333333333,0.0416666666666667
"frc3886",0.03125,0.015625
"frc3925",0.0833333333333333,0.0416666666666667
"frc3926",0,0
"frc3927",0,0
"frc3928",0.270833333333333,0.135416666666667
"frc3929",0.236111111111111,0.118055555555556
"frc3930",0.173611111111111,0.0868055555555556
"frc3931",0.166666666666667,0.0833333333333333
"frc3932",0.201388888888889,0.100694444444444
"frc3933",0.145833333333333,0.0729166666666667
"frc3936",0.166666666666667,0.0833333333333333
"frc3937",0.402777777777778,0.201388888888889
"frc3938",0,0
"frc3939",0.1875,0.09375
"frc3940",0.104166666666667,0.0520833333333333
"frc3941",0.0277777777777778,0.0138888888888889
"frc3942",0,0
"frc3943",0,0
"frc3944",0.444444444444444,0.222222222222222
"frc3946",0.166666666666667,0.0833333333333333
"frc3947",0.180555555555556,0.0902777777777778
"frc3949",0.125,0.0625
"frc395",0,0
"frc3950",0.208333333333333,0.104166666666667
"frc3951",0.0416666666666667,0.0208333333333333
"frc3952",0,0
"frc3953",0,0
"frc3954",0.0833333333333333,0.0416666666666667
"frc3955",0.125,0.0625
"frc3957",0.0833333333333333,0.0416666666666667
"frc3958",0.125,0.0625
"frc3959",0.1875,0.09375
"frc3961",0.0208333333333333,0.0104166666666667
"frc3962",0.0625,0.03125
"frc3963",0,0
"frc3965",0.0833333333333333,0.0416666666666667
"frc3966",0,0
"frc3967",0,0
"frc3968",0.1875,0.09375
"frc3969",0.0833333333333333,0.0416666666666667
"frc3970",0.395833333333333,0.197916666666667
"frc3971",0.5,0.25
"frc3972",0,0
"frc3973",0,0
"frc3974",0.260416666666667,0.0798577638482119
"frc3975",0,0
"frc3976",0,0
"frc3977",0.0625,0.03125
"frc3979",0,0
"frc3981",0.0833333333333333,0.0416666666666667
"frc3983",0.25,0.125
"frc3984",0.0833333333333333,0.0416666666666667
"frc3985",0.166666666666667,0.0833333333333333
"frc3986",0.208333333333333,0.104166666666667
"frc3987",0.0625,0.03125
"frc3988",0.125,0.0510310363079829
"frc3989",0,0
"frc399",0.34375,0.119598561223533
"frc3990",0.4375,0.21875
"frc3991",0.125,0.0625
"frc3992",0.0833333333333333,0.0416666666666667
"frc3993",0,0
"frc3995",0,0
"frc3996",0.236111111111111,0.118055555555556
"frc3997",0.270833333333333,0.0809243252752454
"frc3998",0.125,0.0625
"frc3999",0.125,0.0625
"frc4",0.0625,0.03125
"frc4001",0.3125,0.15625
"frc4003",0.251736111111111,0.0400326924450603
"frc4004",0.125,0.0510310363079829
"frc4005",0,0
"frc4006",0.0833333333333333,0.0416666666666667
"frc4007",0.125,0.0625
"frc4008",0.0208333333333333,0.0104166666666667
"frc4009",0.1875,0.09375
"frc401",0.1875,0.0883883476483184
"frc4010",0.0277777777777778,0.0138888888888889
"frc4011",0.166666666666667,0.0833333333333333
"frc4012",0,0
"frc4013",0.0347222222222222,0.0173611111111111
"frc4014",0.0416666666666667,0.0208333333333333
"frc4015",0,0
"frc4016",0.25,0.125
"frc4018",0,0
"frc4019",0,0
"frc4020",0.0833333333333333,0.0416666666666667
"frc4021",0,0
"frc4023",0,0
"frc4024",0,0
"frc4025",0,0
"frc4026",0.333333333333333,0.166666666666667
"frc4027",0.0833333333333333,0.0416666666666667
"frc4028",0.125,0.0625
"frc4029",0,0
"frc4030",0.104166666666667,0.0520833333333333
"frc4031",0.0416666666666667,0.0208333333333333
"frc4032",0,0
"frc4034",0.0208333333333333,0.0104166666666667
"frc4035",0.0416666666666667,0.0208333333333333
"frc4036",0,0
"frc4037",0,0
"frc4038",0.25,0.125
"frc4039",0.368055555555556,0.184027777777778
"frc4041",0.0416666666666667,0.0208333333333333
"frc4042",0.0625,0.03125
"frc4043",0.0555555555555556,0.0277777777777778
"frc4044",0,0
"frc4045",0,0
"frc4046",0,0
"frc4047",0,0
"frc4048",0.0868055555555556,0.0434027777777778
"frc4049",0.125,0.0625
"frc4050",0.256944444444444,0.128472222222222
"frc4051",0.125,0.0625
"frc4052",0,0
"frc4053",0,0
"frc4054",0.0833333333333333,0.0416666666666667
"frc4055",0.214583333333333,0.107291666666667
"frc4056",0,0
"frc4057",0.111111111111111,0.0555555555555556
"frc4058",0,0
"frc4060",0.166666666666667,0.0833333333333333
"frc4061",0.375,0.1875
"frc4063",0.315972222222222,0.157986111111111
"frc4064",0,0
"frc4065",0,0
"frc4066",0,0
"frc4067",0.0416666666666667,0.0208333333333333
"frc4068",0.0416666666666667,0.0208333333333333
"frc4069",0.277777777777778,0.138888888888889
"frc4070",0,0
"frc4071",0,0
"frc4072",0,0
"frc4073",0.222222222222222,0.111111111111111
"frc4074",0,0
"frc4075",0.0416666666666667,0.0208333333333333
"frc4076",0,0
"frc4077",0.177083333333333,0.0885416666666667
"frc4078",0,0
"frc4079",0.0416666666666667,0.0208333333333333
"frc4080",0.25,0.125
"frc4081",0,0
"frc4082",0.0208333333333333,0.0104166666666667
"frc4083",0.0416666666666667,0.0208333333333333
"frc4085",0.25,0.0510310363079829
"frc4086",0.25,0.125
"frc4087",0,0
"frc4088",0,0
"frc4089",0.125,0.0625
"frc4090",0.166666666666667,0.0833333333333333
"frc4091",0,0
"frc4092",0.208333333333333,0.104166666666667
"frc4093",0,0
"frc4095",0,0
"frc4096",0.1875,0.09375
"frc4097",0.0208333333333333,0.0104166666666667
"frc4098",0.0416666666666667,0.0208333333333333
"frc4099",0,0
"frc41",0.0555555555555556,0.0277777777777778
"frc4102",0.03125,0.015625
"frc4103",0.145833333333333,0.0729166666666667
"frc4104",0.0625,0.03125
"frc4105",0,0
"frc4106",0.0625,0.03125
"frc4107",0,0
"frc4108",0,0
"frc4110",0.0208333333333333,0.0104166666666667
"frc4111",0.0833333333333333,0.0416666666666667
"frc4112",0.0416666666666667,0.0208333333333333
"frc4113",0,0
"frc4114",0,0
"frc4115",0,0
"frc4118",0.25,0.125
"frc4119",0,0
"frc4120",0.09375,0.0258883476483184
"frc4121",0.166666666666667,0.0833333333333333
"frc4122",0.159722222222222,0.0798611111111111
"frc4123",0.0625,0.03125
"frc4124",0.5,0.25
"frc4125",0.274305555555556,0.137152777777778
"frc4126",0.0625,0.03125
"frc4127",0.215277777777778,0.107638888888889
"frc4128",0,0
"frc4130",0.145833333333333,0.0627487991312594
"frc4131",0.0694444444444444,0.0347222222222222
"frc4132",0.0625,0.03125
"frc4134",0.25,0.125
"frc4135",0.166666666666667,0.0833333333333333
"frc4136",0,0
"frc4137",0,0
"frc4138",0,0
"frc4139",0.166666666666667,0.0833333333333333
"frc4140",0.166666666666667,0.0833333333333333
"frc4141",0.0416666666666667,0.0208333333333333
"frc4142",0,0
"frc4143",0.25,0.125
"frc4144",0,0
"frc4145",0.125,0.0625
"frc4146",0.229166666666667,0.114583333333333
"frc4148",0,0
"frc4149",0,0
"frc415",0.1875,0.09375
"frc4150",0.208333333333333,0.104166666666667
"frc4151",0,0
"frc4152",0.0416666666666667,0.0208333333333333
"frc4153",0.208333333333333,0.0510310363079829
"frc4154",0.166666666666667,0.0833333333333333
"frc4155",0,0
"frc4156",0,0
"frc4158",0.270833333333333,0.135416666666667
"frc4159",0.111111111111111,0.0555555555555556
"frc4160",0.0208333333333333,0.0104166666666667
"frc4161",0.166666666666667,0.0833333333333333
"frc4163",0,0
"frc4165",0,0
"frc4167",0,0
"frc4169",0.15625,0.078125
"frc4171",0.0833333333333333,0.0416666666666667
"frc4173",0.03125,0.015625
"frc4174",0,0
"frc4175",0,0
"frc4176",0.0486111111111111,0.0243055555555556
"frc4178",0,0
"frc4179",0,0
"frc418",0.138888888888889,0.0694444444444444
"frc4180",0.0694444444444444,0.0347222222222222
"frc4181",0.0416666666666667,0.0208333333333333
"frc4182",0,0
"frc4183",0.215277777777778,0.107638888888889
"frc4184",0,0
"frc4185",0,0
"frc4186",0,0
"frc4187",0,0
"frc4188",0.194444444444444,0.0972222222222222
"frc4189",0.208333333333333,0.104166666666667
"frc4191",0,0
"frc4192",0,0
"frc4193",0,0
"frc4195",0,0
"frc4196",0.0416666666666667,0.0208333333333333
"frc4197",0,0
"frc4198",0.25,0.125
"frc4200",0,0
"frc4201",0.159722222222222,0.0798611111111111
"frc4202",0,0
"frc4203",0.125,0.0625
"frc4205",0.180555555555556,0.0902777777777778
"frc4206",0.0416666666666667,0.0208333333333333
"frc4207",0.0833333333333333,0.0416666666666667
"frc4209",0.0416666666666667,0.0208333333333333
"frc421",0,0
"frc4210",0.125,0.0625
"frc4211",0,0
"frc4212",0.1875,0.09375
"frc4213",0.104166666666667,0.0520833333333333
"frc4215",0.0416666666666667,0.0208333333333333
"frc4216",0.0833333333333333,0.0416666666666667
"frc4217",0,0
"frc4218",0.25,0.125
"frc4219",0,0
"frc422",0.0694444444444444,0.0347222222222222
"frc4223",0,0
"frc4224",0.0625,0.03125
"frc4225",0,0
"frc4228",0.125,0.0625
"frc4229",0,0
"frc423",0.0902777777777778,0.0451388888888889
"frc4230",0,0
"frc4231",0,0
"frc4232",0.125,0.0625
"frc4234",0,0
"frc4235",0,0
"frc4237",0.0833333333333333,0.0416666666666667
"frc4238",0,0
"frc4239",0,0
"frc4240",0,0
"frc4241",0.0833333333333333,0.0416666666666667
"frc4242",0.0416666666666667,0.0208333333333333
"frc4243",0,0
"frc4244",0,0
"frc4245",0,0
"frc4246",0.0416666666666667,0.0208333333333333
"frc4247",0,0
"frc4248",0,0
"frc4251",0,0
"frc4252",0.125,0.0625
"frc4253",0.263888888888889,0.131944444444444
"frc4254",0,0
"frc4255",0.0208333333333333,0.0104166666666667
"frc4256",0.194444444444444,0.0972222222222222
"frc4259",0,0
"frc4260",0,0
"frc4261",0,0
"frc4262",0.0416666666666667,0.0208333333333333
"frc4263",0,0
"frc4264",0,0
"frc4265",0.395833333333333,0.197916666666667
"frc4266",0.0416666666666667,0.0208333333333333
"frc4267",0,0
"frc4268",0,0
"frc4269",0.25,0.125
"frc4270",0.0625,0.03125
"frc4271",0,0
"frc4272",0.0555555555555556,0.0277777777777778
"frc4275",0,0
"frc4276",0.173611111111111,0.0868055555555556
"frc4277",0,0
"frc4279",0,0
"frc4280",0,0
"frc4281",0.0902777777777778,0.0451388888888889
"frc4282",0.125,0.0625
"frc4283",0,0
"frc4284",0,0
"frc4285",0.3125,0.15625
"frc4286",0,0
"frc4288",0.166666666666667,0.0833333333333333
"frc4289",0,0
"frc4290",0,0
"frc4291",0,0
"frc4292",0,0
"frc4293",0.0416666666666667,0.0208333333333333
"frc4294",0.125,0.0625
"frc4295",0,0
"frc4296",0.180555555555556,0.0902777777777778
"frc4298",0,0
"frc4299",0,0
"frc4300",0.09375,0.046875
"frc4301",0.0416666666666667,0.0208333333333333
"frc4302",0.0416666666666667,0.0208333333333333
"frc4304",0.111111111111111,0.0555555555555556
"frc4306",0,0
"frc4308",0.125,0.0625
"frc4309",0.104166666666667,0.0520833333333333
"frc4310",0,0
"frc4311",0.0208333333333333,0.0104166666666667
"frc4314",0,0
"frc4316",0,0
"frc4317",0,0
"frc4319",0,0
"frc4320",0.291666666666667,0.145833333333333
"frc4321",0,0
"frc4322",0.229166666666667,0.114583333333333
"frc4324",0,0
"frc4325",0.1875,0.09375
"frc4327",0.125,0.0625
"frc4328",0.0833333333333333,0.0416666666666667
"frc4329",0.0486111111111111,0.0243055555555556
"frc433",0.107638888888889,0.0538194444444444
"frc4330",0.229166666666667,0.0883883476483184
"frc4331",0,0
"frc4332",0,0
"frc4334",0.444444444444444,0.036189382583047
"frc4335",0.0416666666666667,0.0208333333333333
"frc4336",0,0
"frc4337",0.0208333333333333,0.0104166666666667
"frc4338",0.0416666666666667,0.0208333333333333
"frc4341",0,0
"frc4342",0.0486111111111111,0.0243055555555556
"frc4343",0.416666666666667,0.208333333333333
"frc4344",0,0
"frc4345",0,0
"frc4346",0,0
"frc4348",0,0
"frc4349",0,0
"frc435",0.208333333333333,0.104166666666667
"frc4351",0,0
"frc4352",0,0
"frc4353",0,0
"frc4354",0.166666666666667,0.0833333333333333
"frc4355",0.0833333333333333,0.0416666666666667
"frc4356",0.333333333333333,0.166666666666667
"frc4357",0,0
"frc4359",0.125,0.0625
"frc4360",0,0
"frc4361",0.270833333333333,0.135416666666667
"frc4362",0.192708333333333,0.0963541666666667
"frc4364",0.0277777777777778,0.0138888888888889
"frc4366",0,0
"frc4368",0,0
"frc4369",0,0
"frc4371",0,0
"frc4372",0,0
"frc4373",0.0798611111111111,0.0399305555555556
"frc4374",0,0
"frc4375",0.0416666666666667,0
"frc4376",0.104166666666667,0.0510310363079829
"frc4377",0.243055555555556,0.121527777777778
"frc4378",0.0416666666666667,0.0208333333333333
"frc4380",0,0
"frc4381",0.184027777777778,0.0920138888888889
"frc4382",0.125,0
"frc4383",0,0
"frc4384",0.229166666666667,0.114583333333333
"frc4385",0,0
"frc4386",0,0
"frc4387",0,0
"frc4388",0.0833333333333333,0.0416666666666667
"frc4389",0,0
"frc4390",0,0
"frc4391",0.215277777777778,0.107638888888889
"frc4392",0.166666666666667,0.0833333333333333
"frc4395",0.111111111111111,0.0555555555555556
"frc4396",0,0
"frc4397",0.0625,0.03125
"frc4398",0.125,0
"frc4400",0.125,0.0625
"frc4401",0.125,0.0625
"frc4402",0,0
"frc4403",0.166666666666667,0.0833333333333333
"frc4404",0,0
"frc4405",0.3125,0.15625
"frc4406",0.0416666666666667,0.0208333333333333
"frc4408",0.0208333333333333,0.0104166666666667
"frc4409",0,0
"frc441",0.0208333333333333,0.0104166666666667
"frc4410",0,0
"frc4412",0.0416666666666667,0.0208333333333333
"frc4413",0.03125,0.015625
"frc4415",0.15625,0.078125
"frc4416",0,0
"frc4418",0,0
"frc442",0.125,0.0625
"frc4450",0.125,0.0211377473407203
"frc4451",0.347222222222222,0.0568311521159772
"frc4452",0.0277777777777778,0.0138888888888889
"frc4453",0.0416666666666667,0.0208333333333333
"frc4454",0.0416666666666667,0.0208333333333333
"frc4455",0,0
"frc4456",0.104166666666667,0.0510310363079829
"frc4457",0.166666666666667,0.0833333333333333
"frc4458",0.0416666666666667,0.0208333333333333
"frc4459",0.0833333333333333,0.0416666666666667
"frc4460",0.270833333333333,0.135416666666667
"frc4461",0.125,0.0625
"frc4462",0.145833333333333,0.0729166666666667
"frc4463",0,0
"frc4464",0.138888888888889,0.0694444444444444
"frc4466",0.0833333333333333,0.0416666666666667
"frc4467",0.0208333333333333,0.0104166666666667
"frc4468",0.0833333333333333,0.0416666666666667
"frc4469",0.159722222222222,0.0798611111111111
"frc447",0.472222222222222,0.0531433408418662
"frc4470",0.0208333333333333,0.0104166666666667
"frc4471",0.0833333333333333,0.0416666666666667
"frc4472",0.0208333333333333,0.0104166666666667
"frc4473",0.15625,0.078125
"frc4474",0,0
"frc4475",0.138888888888889,0.0694444444444444
"frc4476",0.25,0.125
"frc4477",0,0
"frc4478",0,0
"frc4479",0,0
"frc4481",0.125,0.0625
"frc4482",0.222222222222222,0.111111111111111
"frc4483",0,0
"frc4484",0.125,0.0625
"frc4485",0.0763888888888889,0.0381944444444444
"frc4486",0.291666666666667,0.145833333333333
"frc4487",0.0208333333333333,0.0104166666666667
"frc4488",0.5625,0.103342831986569
"frc4489",0,0
"frc449",0.145833333333333,0.0510310363079829
"frc4490",0.0416666666666667,0.0208333333333333
"frc4491",0.0833333333333333,0.0416666666666667
"frc4492",0.09375,0.046875
"frc4495",0.03125,0.015625
"frc4496",0.166666666666667,0.0833333333333333
"frc4497",0.166666666666667,0.0833333333333333
"frc4498",0.0138888888888889,0.00694444444444444
"frc4499",0.138888888888889,0.0694444444444444
"frc45",0.0520833333333333,0.00558227484231506
"frc4500",0.305555555555556,0.152777777777778
"frc4501",0.0347222222222222,0.0173611111111111
"frc4502",0.0625,0.03125
"frc4504",0.0625,0.03125
"frc4505",0.0694444444444444,0.0347222222222222
"frc4506",0,0
"frc4507",0,0
"frc4508",0,0
"frc4509",0.25,0.125
"frc451",0.0416666666666667,0.0208333333333333
"frc4510",0,0
"frc4511",0,0
"frc4512",0.145833333333333,0.0729166666666667
"frc4513",0.145833333333333,0.0729166666666667
"frc4514",0.0208333333333333,0.0104166666666667
"frc4516",0,0
"frc4517",0,0
"frc4519",0.125,0.0625
"frc4520",0,0
"frc4521",0.0833333333333333,0.0416666666666667
"frc4522",0.3125,0.15625
"frc4523",0.0208333333333333,0.0104166666666667
"frc4524",0,0
"frc4525",0.208333333333333,0.104166666666667
"frc4526",0.0833333333333333,0.0416666666666667
"frc4528",0,0
"frc4529",0.0416666666666667,0.0208333333333333
"frc453",0.208333333333333,0.104166666666667
"frc4531",0,0
"frc4532",0.0625,0.03125
"frc4533",0.0625,0.03125
"frc4534",0,0
"frc4535",0.0625,0.03125
"frc4536",0.166666666666667,0.0833333333333333
"frc4537",0.0416666666666667,0.0208333333333333
"frc4538",0,0
"frc4539",0.229166666666667,0.114583333333333
"frc4541",0.1875,0.09375
"frc4542",0.118055555555556,0.0590277777777778
"frc4543",0.0833333333333333,0
"frc4545",0.03125,0.015625
"frc4546",0.0208333333333333,0.0104166666666667
"frc4547",0.208333333333333,0.104166666666667
"frc4548",0,0
"frc4549",0.0416666666666667,0.0208333333333333
"frc4550",0.125,0.0625
"frc4551",0,0
"frc4552",0.125,0.0625
"frc4553",0.0416666666666667,0.0208333333333333
"frc4554",0,0
"frc4555",0.208333333333333,0.104166666666667
"frc4556",0,0
"frc4557",0.104166666666667,0.0520833333333333
"frc4559",0.229166666666667,0.114583333333333
"frc456",0.236111111111111,0.0941059955216136
"frc4560",0,0
"frc4561",0.0208333333333333,0.0104166666666667
"frc4562",0,0
"frc4563",0,0
"frc4564",0.284722222222222,0.142361111111111
"frc4565",0.0833333333333333,0.0416666666666667
"frc4566",0,0
"frc4567",0,0
"frc4568",0.145833333333333,0.0729166666666667
"frc457",0.201388888888889,0.100694444444444
"frc4570",0.0625,0.03125
"frc4571",0.0833333333333333,0.0416666666666667
"frc4572",0,0
"frc4573",0.0763888888888889,0.0381944444444444
"frc4574",0.0625,0.03125
"frc4575",0.15625,0.078125
"frc4576",0.229166666666667,0.114583333333333
"frc4577",0,0
"frc4578",0,0
"frc4579",0.125,0.0625
"frc4580",0,0
"frc4581",0,0
"frc4582",0,0
"frc4583",0.125,0.0625
"frc4584",0.25,0.125
"frc4585",0,0
"frc4586",0.0833333333333333,0.0416666666666667
"frc4587",0.243055555555556,0.121527777777778
"frc4589",0.131944444444444,0.0659722222222222
"frc4590",0.166666666666667,0.0833333333333333
"frc4591",0.416666666666667,0.208333333333333
"frc4592",0.145833333333333,0.0729166666666667
"frc4593",0.166666666666667,0.0833333333333333
"frc4594",0,0
"frc4595",0,0
"frc4596",0,0
"frc4597",0,0
"frc4598",0.0833333333333333,0.0416666666666667
"frc4600",0,0
"frc4601",0.0416666666666667,0.0208333333333333
"frc4603",0.0833333333333333,0.0416666666666667
"frc4604",0.0833333333333333,0.0416666666666667
"frc4606",0.125,0.0625
"frc4607",0,0
"frc4608",0.229166666666667,0.0660049819515032
"frc4609",0,0
"frc461",0.180555555555556,0.00936436964131622
"frc4610",0.1875,0.09375
"frc4611",0.125,0.0625
"frc4612",0,0
"frc4613",0.625,0.3125
"frc4614",0,0
"frc4615",0,0
"frc4616",0,0
"frc4617",0.0625,0.03125
"frc4618",0.208333333333333,0.104166666666667
"frc4619",0,0
"frc4621",0,0
"frc4622",0,0
"frc4624",0,0
"frc4625",0.0416666666666667,0.0208333333333333
"frc4626",0,0
"frc4627",0.104166666666667,0.0520833333333333
"frc4628",0.0208333333333333,0.0104166666666667
"frc4629",0,0
"frc4630",0,0
"frc4633",0.125,0.0625
"frc4634",0,0
"frc4635",0.0625,0.03125
"frc4637",0.0138888888888889,0.00694444444444444
"frc4638",0.0416666666666667,0.0208333333333333
"frc4639",0.0208333333333333,0.0104166666666667
"frc4640",0,0
"frc4641",0.0416666666666667,0.0208333333333333
"frc4642",0.25,0.125
"frc4643",0,0
"frc4645",0,0
"frc4646",0.104166666666667,0
"frc4649",0.0416666666666667,0.0208333333333333
"frc4650",0.03125,0.015625
"frc4651",0,0
"frc4652",0.0625,0.03125
"frc4653",0.180555555555556,0.0902777777777778
"frc4654",0.59375,0.0625
"frc4655",0.0625,0.03125
"frc4656",0,0
"frc4661",0.0416666666666667,0.0208333333333333
"frc4662",0.104166666666667,0.0520833333333333
"frc4663",0,0
"frc4664",0,0
"frc4666",0,0
"frc4667",0.0625,0.03125
"frc4668",0,0
"frc4669",0,0
"frc467",0.0416666666666667,0.0208333333333333
"frc4670",0,0
"frc4672",0,0
"frc4673",0.0625,0.03125
"frc4675",0,0
"frc4676",0,0
"frc4678",0.21875,0.109375
"frc468",0.0625,0.03125
"frc4680",0.0416666666666667,0.0208333333333333
"frc4681",0.125,0.0625
"frc4682",0.0833333333333333,0.0416666666666667
"frc4683",0.0416666666666667,0.0208333333333333
"frc4684",0,0
"frc4685",0,0
"frc4689",0,0
"frc469",0.663194444444444,0.136404993477405
"frc4690",0,0
"frc4692",0,0
"frc4693",0.125,0.0625
"frc4694",0.125,0.0625
"frc4695",0,0
"frc4696",0,0
"frc4698",0,0
"frc470",0.0902777777777778,0.0451388888888889
"frc4701",0.125,0.0625
"frc4702",0,0
"frc4703",0.125,0.0625
"frc4704",0,0
"frc4705",0.0625,0.03125
"frc4706",0,0
"frc4707",0.0833333333333333,0.0416666666666667
"frc4708",0.0625,0.03125
"frc4711",0,0
"frc4712",0,0
"frc4713",0,0
"frc4714",0,0
"frc4715",0.0208333333333333,0.0104166666666667
"frc4716",0.0833333333333333,0.0416666666666667
"frc4717",0,0
"frc4718",0.166666666666667,0.0833333333333333
"frc4719",0.375,0.1875
"frc4720",0,0
"frc4721",0,0
"frc4722",0,0
"frc4723",0,0
"frc4724",0,0
"frc4725",0,0
"frc4726",0.125,0.0625
"frc4727",0.0625,0.03125
"frc4728",0.0625,0.03125
"frc4729",0.125,0.0625
"frc4730",0,0
"frc4731",0,0
"frc4732",0,0
"frc4733",0.125,0.0625
"frc4734",0,0
"frc4735",0.0625,0.03125
"frc4736",0,0
"frc4737",0.0833333333333333,0.0416666666666667
"frc4738",0,0
"frc4739",0.125,0.0625
"frc4740",0,0
"frc4741",0,0
"frc4742",0.0625,0.03125
"frc4743",0,0
"frc4744",0.0416666666666667,0.0208333333333333
"frc4745",0,0
"frc4746",0,0
"frc4747",0,0
"frc4748",0,0
"frc4749",0.125,0.0625
"frc4750",0.0208333333333333,0.0104166666666667
"frc4751",0.0625,0.03125
"frc4753",0.0208333333333333,0.0104166666666667
"frc4754",0,0
"frc4755",0,0
"frc4757",0,0
"frc4758",0,0
"frc476",0.0625,0.03125
"frc4761",0.1875,0.09375
"frc4762",0,0
"frc4765",0,0
"frc4767",0,0
"frc4768",0.166666666666667,0.0833333333333333
"frc4769",0,0
"frc4770",0,0
"frc4771",0.125,0.0625
"frc4772",0.1875,0.09375
"frc4773",0,0
"frc4774",0.125,0.0625
"frc4775",0.0416666666666667,0.0208333333333333
"frc4776",0.0902777777777778,0.0451388888888889
"frc4777",0.125,0.0625
"frc4778",0,0
"frc4779",0.354166666666667,0.177083333333333
"frc4780",0,0
"frc4781",0,0
"frc4782",0,0
"frc4783",0,0
"frc4784",0,0
"frc4785",0,0
"frc4786",0,0
"frc4787",0,0
"frc4788",0,0
"frc4789",0,0
"frc4790",0,0
"frc4791",0,0
"frc4792",0.0416666666666667,0.0208333333333333
"frc4793",0,0
"frc4794",0,0
"frc4795",0,0
"frc4796",0.0208333333333333,0.0104166666666667
"frc4797",0.25,0.125
"frc4798",0,0
"frc4799",0.166666666666667,0.0833333333333333
"frc48",0.230555555555556,0.0398382888124689
"frc4800",0.0833333333333333,0.0416666666666667
"frc4801",0,0
"frc4802",0,0
"frc4803",0,0
"frc4804",0,0
"frc4805",0,0
"frc4807",0,0
"frc4808",0,0
"frc4809",0,0
"frc4810",0.131944444444444,0.0659722222222222
"frc4811",0,0
"frc4812",0,0
"frc4814",0.25,0.125
"frc4815",0.180555555555556,0.0902777777777778
"frc4816",0,0
"frc4817",0,0
"frc4818",0.222222222222222,0.111111111111111
"frc4819",0.197916666666667,0.0989583333333333
"frc4820",0.0625,0.03125
"frc4821",0,0
"frc4823",0,0
"frc4824",0.0833333333333333,0.0416666666666667
"frc4825",0.0625,0.03125
"frc4827",0.0625,0.03125
"frc4828",0.208333333333333,0.104166666666667
"frc4829",0,0
"frc4830",0,0
"frc4832",0,0
"frc4833",0,0
"frc4834",0,0
"frc4835",0.1875,0.09375
"frc4836",0,0
"frc4838",0.125,0.0625
"frc4839",0,0
"frc484",0.152777777777778,0.0664128316296405
"frc4840",0,0
"frc4841",0.0138888888888889,0.00694444444444444
"frc4842",0,0
"frc4843",0,0
"frc4845",0.125,0.0625
"frc4846",0,0
"frc4847",0,0
"frc4848",0,0
"frc4849",0,0
"frc4850",0,0
"frc4851",0.0208333333333333,0.0104166666666667
"frc4852",0.208333333333333,0.104166666666667
"frc4853",0,0
"frc4854",0.0625,0.03125
"frc4855",0.0625,0.03125
"frc4856",0.0833333333333333,0.0416666666666667
"frc4859",0,0
"frc486",0.166666666666667,0.0211377473407203
"frc488",0.194444444444444,0.0972222222222222
"frc4901",0.166666666666667,0.0833333333333333
"frc4902",0.03125,0.015625
"frc4903",0.25,0.125
"frc4904",0,0
"frc4905",0.0625,0
"frc4906",0.09375,0.046875
"frc4907",0.15625,0.078125
"frc4908",0.395833333333333,0.197916666666667
"frc4909",0.0729166666666667,1.38777878078145e-17
"frc4910",0,0
"frc4911",0.35,0.131414587743686
"frc4912",0,0
"frc4913",0.0625,0.03125
"frc4914",0.3125,0.15625
"frc4915",0.25,0.125
"frc4917",0.333333333333333,0.147937927384034
"frc4918",0.15625,0.078125
"frc4919",0,0
"frc492",0.385416666666667,0.192708333333333
"frc4920",0,0
"frc4921",0,0
"frc4922",0,0
"frc4923",0,0
"frc4924",0,0
"frc4925",0.0625,0.0114689636920171
"frc4926",0.0625,0.03125
"frc4927",0,0
"frc4928",0.0625,0.03125
"frc4929",0,0
"frc4930",0.291666666666667,0.145833333333333
"frc4931",0.125,0.0625
"frc4932",0,0
"frc4933",0,0
"frc4935",0.208333333333333,0.104166666666667
"frc4936",0.125,0.0625
"frc4938",0,0
"frc4939",0.125,0.0625
"frc494",0.234027777777778,0.117013888888889
"frc4940",0.15625,0.078125
"frc4941",0.0625,0.03125
"frc4942",0,0
"frc4943",0,0
"frc4944",0.104166666666667,0.0520833333333333
"frc4945",0.0833333333333333,0.0416666666666667
"frc4946",0.09375,0.046875
"frc4947",0.125,0.0625
"frc4949",0,0
"frc4950",0.25,0.125
"frc4951",0.1875,0.09375
"frc4952",0.1875,0.09375
"frc4953",0,0
"frc4954",0.109375,0.0441941738241592
"frc4955",0,0
"frc4956",0.3125,0.15625
"frc4957",0.0625,0.03125
"frc4958",0.0416666666666667,0.0208333333333333
"frc4959",0.125,0.0625
"frc496",0,0
"frc4960",0,0
"frc4961",0.0625,0.03125
"frc4962",0,0
"frc4964",0,0
"frc4965",0.0625,0.03125
"frc4966",0,0
"frc4967",0.34375,0.171875
"frc4968",0.0625,0.03125
"frc4969",0,0
"frc4970",0.09375,0.046875
"frc4972",0,0
"frc4973",0,0
"frc4975",0,0
"frc4976",0.25,0
"frc4977",0.3125,0.15625
"frc4978",0,0
"frc4979",0.0625,0.03125
"frc498",0.145833333333333,0.0729166666666667
"frc4980",0.0791666666666667,0.00261874448039017
"frc4981",0,0
"frc4982",0.177083333333333,0.0725154312168304
"frc4983",0.0208333333333333,0.0104166666666667
"frc4984",0.09375,0.046875
"frc4985",0.125,0.0625
"frc4986",0,0
"frc4987",0,0
"frc4988",0.25,0.125
"frc4989",0,0
"frc499",0,0
"frc4990",0.0625,0.03125
"frc4991",0.0625,0
"frc4992",0.1875,0.09375
"frc4993",0.0625,0.03125
"frc4994",0.1875,0.09375
"frc4995",0.03125,0.015625
"frc4996",0.0625,0.03125
"frc4997",0,0
"frc4998",0.09375,0.046875
"frc5000",0.28125,0.140625
"frc5001",0,0
"frc5002",0.0416666666666667,0.0208333333333333
"frc5003",0,0
"frc5004",0,0
"frc5005",0.25,0.125
"frc5006",0.0416666666666667,0.0208333333333333
"frc5007",0,0
"frc5008",0,0
"frc5009",0,0
"frc501",0.194444444444444,0.0972222222222222
"frc5010",0.03125,0.015625
"frc5012",0.229166666666667,0.114583333333333
"frc5013",0.0625,0.03125
"frc5014",0,0
"frc5015",0.1875,0.09375
"frc5016",0,0
"frc5017",0,0
"frc5018",0,0
"frc5019",0.03125,0.015625
"frc5020",0,0
"frc5022",0.125,0.0625
"frc5023",0,0
"frc5024",0.125,0.0625
"frc5025",0.0625,0.03125
"frc5026",0.0625,0.03125
"frc5027",0.25,0.125
"frc5028",0,0
"frc503",0.207638888888889,0.103819444444444
"frc5030",0.125,0
"frc5031",0.1875,0.09375
"frc5032",0,0
"frc5033",0.0625,0.03125
"frc5034",0,0
"frc5035",0,0
"frc5036",0,0
"frc5038",0.125,0.0625
"frc5039",0.0625,0.03125
"frc5040",0,0
"frc5041",0,0
"frc5043",0,0
"frc5045",0.0625,0.03125
"frc5046",0.2109375,0.10546875
"frc5047",0,0
"frc5048",0.125,0.0625
"frc5049",0,0
"frc5050",0,0
"frc5051",0,0
"frc5052",0.125,0.0625
"frc5053",0.247395833333333,0.123697916666667
"frc5055",0,0
"frc5056",0.09375,0.046875
"frc5057",0.03125,0.015625
"frc5059",0.25,0.125
"frc5060",0.0625,0.03125
"frc5063",0,0
"frc5064",0.0625,0.03125
"frc5065",0.0625,0.03125
"frc5066",0.125,0
"frc5067",0,0
"frc5068",0,0
"frc5069",0.166666666666667,0.0833333333333333
"frc5070",0,0
"frc5071",0,0
"frc5072",0.0625,0.03125
"frc5073",0,0
"frc5074",0,0
"frc5075",0,0
"frc5076",0,0
"frc5077",0,0
"frc5078",0.3125,0.15625
"frc5080",0,0
"frc5081",0.5,0.25
"frc5082",0,0
"frc5084",0.21875,0.109375
"frc5085",0.1875,0.0883883476483184
"frc5086",0.15625,0.078125
"frc5087",0.25,0.125
"frc5089",0.0625,0.03125
"frc509",0.0625,0
"frc5090",0.09375,0.046875
"frc5093",0,0
"frc5094",0,0
"frc5095",0.0625,0.03125
"frc5096",0,0
"frc5098",0.0625,0.03125
"frc5099",0.0625,0.03125
"frc51",0.177083333333333,0.0885416666666667
"frc5100",0,0
"frc5101",0,0
"frc5102",0.09375,0.046875
"frc5103",0,0
"frc5104",0,0
"frc5106",0.0625,0.03125
"frc5107",0,0
"frc5109",0.03125,0.015625
"frc5110",0.15625,0.078125
"frc5111",0.166666666666667,0.0747146226806711
"frc5112",0.15625,0.0625
"frc5113",0.1875,0.09375
"frc5114",0.15625,0.00966878364870322
"frc5115",0,0
"frc5116",0.5,0.25
"frc5117",0,0
"frc5118",0.25,0.125
"frc5119",0.0625,0.03125
"frc5121",0,0
"frc5122",0.203125,0.0801551740979499
"frc5123",0,0
"frc5124",0.5,0.25
"frc5125",0.25,0.125
"frc5126",0,0
"frc5127",0.125,0.0625
"frc5128",0.125,0.0625
"frc5129",0.28125,0.140625
"frc5130",0,0
"frc5132",0,0
"frc5133",0.125,0.0625
"frc5134",0,0
"frc5135",0.375,0.1875
"frc5136",0.15625,0.078125
"frc5137",0.15625,0.078125
"frc514",0.104166666666667,0.0510310363079829
"frc5140",0,0
"frc5141",0,0
"frc5142",0,0
"frc5143",0,0
"frc5144",0,0
"frc5145",0,0
"frc5146",0,0
"frc5147",0,0
"frc5148",0.25,0.125
"frc5149",0,0
"frc5150",0.09375,0.046875
"frc5151",0,0
"frc5152",0.25,0.125
"frc5153",0.125,0.0625
"frc5155",0.104166666666667,0.0520833333333333
"frc5156",0,0
"frc5157",0,0
"frc5158",0,0
"frc5159",0,0
"frc5160",0.1875,0.09375
"frc5161",0,0
"frc5162",0.104166666666667,0.0136737249676473
"frc5163",0.125,0.0625
"frc5164",0,0
"frc5166",0.28125,0.140625
"frc5167",0.125,0.0625
"frc5168",0,0
"frc5169",0,0
"frc5171",0,0
"frc5172",0,0
"frc5173",0.0625,0
"frc5174",0,0
"frc5175",0.03125,0.015625
"frc5176",0.1875,0.09375
"frc5178",0,0
"frc5179",0.0625,0.03125
"frc5180",0,0
"frc5181",0.0625,0
"frc5182",0,0
"frc5183",0.15625,0.078125
"frc5184",0.5,0.25
"frc5185",0.25,0.125
"frc5186",0,0
"frc5187",0,0
"frc5188",0.14375,0.0686011060212689
"frc5189",0,0
"frc519",0.1875,0.09375
"frc5190",0.03125,0.015625
"frc5191",0.125,0.0625
"frc5193",0.270833333333333,0.135416666666667
"frc5194",0.03125,0.015625
"frc5195",0,0
"frc5196",0,0
"frc5197",0,0
"frc5198",0.0625,0
"frc5199",0.03125,0.015625
"frc5200",0,0
"frc5201",0.1875,0.09375
"frc5202",0,0
"frc5203",0.125,0
"frc5204",0.0625,0
"frc5205",0,0
"frc5207",0,0
"frc5209",0,0
"frc5212",0,0
"frc5213",0.125,0
"frc5214",0.0625,0.03125
"frc5215",0.03125,0.015625
"frc5216",0.078125,0.0221254000482912
"frc5217",0.125,0.0625
"frc5218",0,0
"frc5219",0,0
"frc522",0.0625,0.03125
"frc5220",0,0
"frc5221",0,0
"frc5222",0.0625,0
"frc5223",0,0
"frc5224",0.125,0
"frc5225",0.09375,0.046875
"frc5226",0,0
"frc5227",0,0
"frc5229",0.25,0.125
"frc5230",0.03125,0.015625
"frc5231",0.125,0.0625
"frc5233",0,0
"frc5234",0.03125,0.015625
"frc5235",0.0625,0.03125
"frc5236",0.25,0.125
"frc5238",0.09375,0.046875
"frc5239",0,0
"frc5240",0,0
"frc5241",0,0
"frc5242",0,0
"frc5243",0.125,0.0625
"frc5246",0.0625,0.03125
"frc5247",0.15625,0.078125
"frc5248",0.28125,0.140625
"frc5249",0,0
"frc525",0.479166666666667,0.0812306059460207
"frc5250",0,0
"frc5251",0.03125,0.015625
"frc5252",0.125,0.0625
"frc5253",0.25,0.125
"frc5254",0.21875,0.109375
"frc5255",0,0
"frc5256",0.03125,0.015625
"frc5257",0,0
"frc5259",0,0
"frc5260",0.0625,0.03125
"frc5261",0,0
"frc5263",0.0625,0.03125
"frc5265",0.34375,0.171875
"frc5268",0,0
"frc5269",0,0
"frc527",0.173611111111111,0.0868055555555556
"frc5271",0,0
"frc5272",0,0
"frc5273",0,0
"frc5274",0,0
"frc5276",0,0
"frc5277",0,0
"frc5278",0,0
"frc5279",0,0
"frc5282",0.125,0
"frc5283",0.03125,0.015625
"frc5285",0,0
"frc5286",0.0625,0.03125
"frc5287",0,0
"frc5288",0.25,0.125
"frc5289",0.0625,0.03125
"frc529",0,0
"frc5290",0.25,0.125
"frc5291",0.125,0.0625
"frc5292",0,0
"frc5293",0,0
"frc5295",0.0208333333333333,0.0104166666666667
"frc5296",0.1875,0.09375
"frc5297",0,0
"frc5298",0,0
"frc5299",0.03125,0.015625
"frc53",0.0416666666666667,0.0208333333333333
"frc5301",0,0
"frc5302",0,0
"frc5304",0,0
"frc5306",0,0
"frc5307",0,0
"frc5308",0.0625,0.03125
"frc5310",0,0
"frc5311",0,0
"frc5312",0.125,0.0625
"frc5314",0.0208333333333333,0.0104166666666667
"frc5316",0.25,0.125
"frc5317",0,0
"frc5318",0.1875,0.09375
"frc5320",0.25,0.125
"frc5323",0,0
"frc5324",0,0
"frc5325",0,0
"frc5326",0.125,0.0625
"frc5327",0,0
"frc5329",0,0
"frc533",0.118055555555556,0.0590277777777778
"frc5331",0.125,0.0625
"frc5332",0.03125,0.015625
"frc5333",0.75,0.375
"frc5335",0,0
"frc5336",0,0
"frc5337",0,0
"frc5338",0.104166666666667,0.0520833333333333
"frc5339",0,0
"frc5340",0,0
"frc5344",0,0
"frc5345",0,0
"frc5346",0,0
"frc5347",0,0
"frc5349",0.0625,0.03125
"frc5350",0,0
"frc537",0.0972222222222222,0.0416666666666667
"frc538",0.125,0.0625
"frc539",0.0625,0.03125
"frc540",0.125,0.0625
"frc5400",0,0
"frc5401",0,0
"frc5402",0.375,0.1875
"frc5403",0.125,0.0625
"frc5404",0.0416666666666667,0.0208333333333333
"frc5405",0,0
"frc5406",0.3125,0.15625
"frc5407",0.28125,0.140625
"frc5408",0,0
"frc5409",0,0
"frc5410",0.0625,0.03125
"frc5411",0.125,0.0625
"frc5412",0,0
"frc5413",0.1875,0.09375
"frc5414",0,0
"frc5415",0.0833333333333333,0.0416666666666667
"frc5416",0.0416666666666667,0.0208333333333333
"frc5417",0,0
"frc5418",0,0
"frc5420",0.166666666666667,0.0833333333333333
"frc5421",0,0
"frc5422",0,0
"frc5423",0,0
"frc5424",0.125,0.0625
"frc5425",0,0
"frc5426",0,0
"frc5427",0,0
"frc5428",0,0
"frc5429",0,0
"frc5430",0,0
"frc5431",0.125,0.0625
"frc5432",0,0
"frc5433",0,0
"frc5434",0.25,0.125
"frc5436",0.125,0.0625
"frc5437",0,0
"frc5438",0.0833333333333333,0.0416666666666667
"frc5439",0,0
"frc5440",0.25,0.125
"frc5441",0,0
"frc5442",0.0625,0.03125
"frc5443",0.5,0.25
"frc5444",0.125,0.0625
"frc5445",0,0
"frc5446",0.125,0.0625
"frc5447",0,0
"frc5448",0.0625,0.03125
"frc545",0,0
"frc5450",0.125,0.0625
"frc5451",0,0
"frc5452",0,0
"frc5453",0,0
"frc5454",0.0416666666666667,0.0208333333333333
"frc5457",0.0625,0.03125
"frc5458",0.5,0.25
"frc5459",0,0
"frc5460",0.15625,0.078125
"frc5461",0,0
"frc5462",0.0625,0.03125
"frc5463",0,0
"frc5464",0,0
"frc5465",0,0
"frc5467",0,0
"frc5468",0.208333333333333,0.104166666666667
"frc5469",0.125,0.0625
"frc547",0.0833333333333333,0.0416666666666667
"frc5470",0.0625,0.03125
"frc5471",0.0625,0.03125
"frc5472",0.0833333333333333,0.0416666666666667
"frc5473",0.0625,0.03125
"frc5474",0,0
"frc5475",0,0
"frc5476",0.125,0.0625
"frc5477",0,0
"frc5478",0.125,0.0625
"frc5479",0.0625,0.03125
"frc548",0.340277777777778,0.15495421006032
"frc5480",0.125,0.0625
"frc5482",0,0
"frc5483",0,0
"frc5484",0.0833333333333333,0.0416666666666667
"frc5485",0,0
"frc5486",0.0625,0.03125
"frc5487",0.0625,0.03125
"frc5489",0.0416666666666667,0.0208333333333333
"frc5490",0,0
"frc5491",0,0
"frc5492",0.125,0.0625
"frc5493",0,0
"frc5494",0.0625,0.03125
"frc5495",0.09375,0.046875
"frc5496",0,0
"frc5497",0,0
"frc5498",0.0625,0.03125
"frc5499",0,0
"frc5501",0.5,0.25
"frc5502",0,0
"frc5503",0,0
"frc5504",0.125,0.0625
"frc5505",0.21875,0.109375
"frc5506",0.0625,0.03125
"frc5507",0,0
"frc5508",0,0
"frc5509",0.3125,0.15625
"frc5510",0,0
"frc5511",0.125,0.0625
"frc5512",0,0
"frc5513",0,0
"frc5514",0,0
"frc5515",0,0
"frc5516",0,0
"frc5517",0.125,0.0625
"frc5518",0.125,0.0625
"frc5520",0,0
"frc5521",0,0
"frc5523",0.0625,0.03125
"frc5524",0.375,0.1875
"frc5525",0,0
"frc5526",0.0625,0.03125
"frc5527",0,0
"frc5528",0.5,0.25
"frc5529",0,0
"frc5530",0.0625,0.03125
"frc5531",0.0625,0.03125
"frc5532",0,0
"frc5533",0.5,0.25
"frc5534",0.0833333333333333,0.0416666666666667
"frc5535",0.0625,0.03125
"frc5536",0,0
"frc5537",0,0
"frc5538",0,0
"frc5539",0.125,0.0625
"frc554",0.0833333333333333,0.0416666666666667
"frc5540",0,0
"frc5541",0,0
"frc5542",0,0
"frc5543",0,0
"frc5544",0.25,0.125
"frc5546",0,0
"frc5547",0.0416666666666667,0.0208333333333333
"frc5548",0,0
"frc5549",0.0625,0.03125
"frc555",0.0625,0.03125
"frc5550",0,0
"frc5551",0,0
"frc5552",0,0
"frc5553",0,0
"frc5554",0.125,0.0625
"frc5555",0.0625,0.03125
"frc5556",0,0
"frc5557",0,0
"frc5558",0,0
"frc5559",0,0
"frc5560",0,0
"frc5561",0,0
"frc5562",0.09375,0.046875
"frc5563",0,0
"frc5564",0.125,0.0625
"frc5565",0,0
"frc5566",0,0
"frc5567",0,0
"frc5568",0,0
"frc5569",0,0
"frc5570",0,0
"frc5571",0.0625,0.03125
"frc5572",0.166666666666667,0.0833333333333333
"frc5573",0.125,0.0625
"frc5574",0,0
"frc5575",0.125,0.0625
"frc5576",0,0
"frc5577",0.0625,0.03125
"frc5578",0,0
"frc558",0.354166666666667,0.164884036665551
"frc5581",0,0
"frc5582",0,0
"frc5583",0,0
"frc5584",0.25,0.125
"frc5585",0,0
"frc5586",0,0
"frc5587",0,0
"frc5588",0.0833333333333333,0.0416666666666667
"frc5589",0,0
"frc5590",0,0
"frc5591",0,0
"frc5593",0.25,0.125
"frc5594",0,0
"frc5595",0,0
"frc5596",0.125,0.0625
"frc5597",0,0
"frc5599",0,0
"frc56",0.336805555555556,0.15010915695252
"frc5600",0,0
"frc5601",1,0.5
"frc5602",0.25,0.125
"frc5603",0.1875,0.09375
"frc5605",0,0
"frc5607",0,0
"frc5608",0.5,0.25
"frc5610",0.0625,0.03125
"frc5611",0,0
"frc5612",0,0
"frc5613",0,0
"frc5614",0.125,0.0625
"frc5615",0,0
"frc5616",0,0
"frc5618",0.125,0.0625
"frc5619",0,0
"frc5620",0.125,0.0625
"frc5621",0,0
"frc5622",0,0
"frc5623",0.375,0.1875
"frc5624",0.0416666666666667,0.0208333333333333
"frc5625",0,0
"frc5627",0,0
"frc5628",0,0
"frc5629",0.5,0.25
"frc5630",0.125,0.0625
"frc5632",0,0
"frc5633",0,0
"frc5634",0,0
"frc5635",0,0
"frc5636",0,0
"frc5639",0,0
"frc564",0.0833333333333333,0.0416666666666667
"frc5640",0,0
"frc5641",0.125,0.0625
"frc5642",0,0
"frc5644",0,0
"frc5645",0,0
"frc5646",0,0
"frc5647",0,0
"frc5648",0,0
"frc5650",0,0
"frc5651",0,0
"frc5652",0,0
"frc5653",0.125,0.0625
"frc5654",0.5,0.25
"frc5655",0,0
"frc5657",0,0
"frc5658",0,0
"frc5659",0.0625,0.03125
"frc5660",0,0
"frc5661",0.1875,0.09375
"frc5662",0.0625,0.03125
"frc5663",0.125,0.0625
"frc5664",0,0
"frc5665",0,0
"frc5666",0.125,0.0625
"frc5667",0,0
"frc5669",0.125,0.0625
"frc5670",0,0
"frc5672",0.125,0.0625
"frc5674",0.125,0.0625
"frc5675",0.333333333333333,0.166666666666667
"frc5676",0,0
"frc5677",0,0
"frc5678",0,0
"frc5679",0,0
"frc568",0.0833333333333333,0.0416666666666667
"frc5681",0,0
"frc5682",0,0
"frc5683",0.125,0.0625
"frc5684",0.0833333333333333,0.0416666666666667
"frc5685",0.0625,0.03125
"frc5686",0,0
"frc5687",0.5,0.25
"frc5688",0.125,0.0625
"frc5689",0,0
"frc569",0.0833333333333333,0.0416666666666667
"frc5690",0,0
"frc5691",0,0
"frc5692",0.28125,0.140625
"frc5694",0,0
"frc5695",0.0625,0.03125
"frc5696",1,0.5
"frc5697",0,0
"frc57",0.236111111111111,0.118055555555556
"frc5700",0,0
"frc5701",0,0
"frc5702",0,0
"frc5703",0,0
"frc5704",0,0
"frc5705",0,0
"frc5706",0.125,0.0625
"frc5708",0,0
"frc5709",0.0625,0.03125
"frc571",0.0625,0
"frc5710",0.21875,0.109375
"frc5711",0.25,0.125
"frc5712",0.425,0.2125
"frc5713",0,0
"frc5714",0,0
"frc5715",0,0
"frc5716",0.25,0.125
"frc5717",0,0
"frc5719",0.333333333333333,0.166666666666667
"frc5721",0,0
"frc5722",0,0
"frc5724",0,0
"frc5725",0.0625,0.03125
"frc5726",0,0
"frc5727",0,0
"frc5728",0,0
"frc573",0.25,0.0301065022904929
"frc5730",0,0
"frc5731",0.5,0.25
"frc5732",0,0
"frc5733",0,0
"frc5734",0,0
"frc5735",0.09375,0.046875
"frc5736",0,0
"frc5737",0,0
"frc5738",0.0625,0.03125
"frc5739",0,0
"frc5740",0,0
"frc5742",0.125,0.0625
"frc5744",0,0
"frc5745",0.1875,0.09375
"frc5746",0.0625,0.03125
"frc5747",0,0
"frc5748",0.208333333333333,0.104166666666667
"frc5749",0.125,0.0625
"frc5750",0.25,0.125
"frc5752",0.0625,0.03125
"frc5753",0,0
"frc5754",0.125,0.0625
"frc5756",0.3125,0.15625
"frc5758",0,0
"frc5760",0,0
"frc5761",0.125,0.0625
"frc5762",0,0
"frc5763",0,0
"frc5765",0,0
"frc5768",0,0
"frc5771",0.25,0.125
"frc5772",0,0
"frc5773",0.125,0.0625
"frc5774",0,0
"frc5775",0,0
"frc5779",0.5625,0.28125
"frc578",0.104166666666667,0.0520833333333333
"frc5780",0,0
"frc5781",0,0
"frc5782",0.125,0.0625
"frc5783",0,0
"frc5784",0.5,0.25
"frc5785",0,0
"frc5786",0,0
"frc58",0.239583333333333,0.119791666666667
"frc581",0.0208333333333333,0.0104166666666667
"frc585",0.0277777777777778,0.0138888888888889
"frc587",0.208333333333333,0.104166666666667
"frc589",0.0625,0.03125
"frc59",0.0833333333333333,0.0416666666666667
"frc590",0,0
"frc597",0.166666666666667,0.0833333333333333
"frc599",0.291666666666667,0.0883883476483184
"frc60",0.340277777777778,0.0442967055359371
"frc601",0.25,0.125
"frc604",0.0972222222222222,0.0486111111111111
"frc606",0,0
"frc61",0.319444444444444,0.159722222222222
"frc610",0.625,0.184411186442187
"frc611",0.0416666666666667,0
"frc612",0.0902777777777778,0.00936436964131621
"frc613",0,0
"frc614",0.104166666666667,0.0520833333333333
"frc615",0,0
"frc617",0,0
"frc619",0,0
"frc620",0.125,0.0625
"frc623",0.319444444444444,0.159722222222222
"frc624",0.431944444444444,0.215972222222222
"frc63",0.166666666666667,0.0833333333333333
"frc639",0.256944444444444,0.128472222222222
"frc640",0,0
"frc647",0.0416666666666667,0
"frc648",0.0833333333333333,0.0416666666666667
"frc649",0.208333333333333,0.0739689636920171
"frc653",0,0
"frc66",0.239583333333333,0.119791666666667
"frc662",0.25,0.125
"frc663",0.361111111111111,0.180555555555556
"frc665",0,0
"frc668",0.0555555555555556,0.0277777777777778
"frc67",0.563194444444444,0.14669641206179
"frc670",0.1875,0
"frc675",0,0
"frc677",0,0
"frc68",0.265277777777778,0.132638888888889
"frc686",0.1875,0.0883883476483184
"frc687",0.111111111111111,0.0555555555555556
"frc69",0.215277777777778,0.107638888888889
"frc691",0,0
"frc692",0.104166666666667,0.0520833333333333
"frc694",0.347222222222222,0.173611111111111
"frc695",0.125,0.0625
"frc696",0.3125,0.13501543121683
"frc698",0.0416666666666667,0.0208333333333333
"frc70",0.296875,0.1484375
"frc701",0.427083333333333,0.213541666666667
"frc702",0.0208333333333333,0.0104166666666667
"frc703",0.166666666666667,0.0833333333333333
"frc704",0.166666666666667,0.0833333333333333
"frc706",0.3125,0.153093108923949
"frc708",0.0875,0.0286749315866251
"frc709",0.0625,0.03125
"frc71",0.315972222222222,0.157986111111111
"frc714",0.194444444444444,0.0972222222222222
"frc716",0.0902777777777778,0.0451388888888889
"frc73",0,0
"frc74",0.25625,0.128125
"frc743",0.0416666666666667,0.0208333333333333
"frc744",0.40625,0.17382427101583
"frc746",0.125,0.0625
"frc75",0.177083333333333,0.0885416666666667
"frc751",0,0
"frc752",0,0
"frc753",0.0833333333333333,0.0416666666666667
"frc759",0,0
"frc766",0.236111111111111,0.118055555555556
"frc768",0,0
"frc771",0.0555555555555556,0.0277777777777778
"frc772",0.138888888888889,0.0694444444444444
"frc78",0.184027777777778,0.0920138888888889
"frc781",0.100694444444444,0.0206246280459254
"frc79",0.3125,0.15625
"frc8",0,0
"frc801",0.152777777777778,0.0763888888888889
"frc806",0.0416666666666667,0.0208333333333333
"frc81",0,0
"frc810",0.0416666666666667,0.0208333333333333
"frc811",0.125,0.0625
"frc812",0.0625,0.03125
"frc815",0.25,0.125
"frc816",0.152777777777778,0.0763888888888889
"frc818",0.145833333333333,0.0729166666666667
"frc829",0.236111111111111,0.118055555555556
"frc830",0.145833333333333,0.0729166666666667
"frc832",0.3125,0.153093108923949
"frc834",0.104166666666667,0.0444104703565896
"frc835",0.125,0
"frc836",0.347222222222222,0.127988028729864
"frc839",0.125,0.0510310363079829
"frc840",0.125,0.0625
"frc841",0.125,0.0625
"frc842",0.430555555555556,0.215277777777778
"frc846",0.284722222222222,0.142361111111111
"frc847",0.194444444444444,0.0972222222222222
"frc848",0,0
"frc85",0.239583333333333,0.119791666666667
"frc852",0.0833333333333333,0.0416666666666667
"frc854",0,0
"frc857",0.15625,0.059494126767785
"frc858",0.194444444444444,0.0972222222222222
"frc86",0.1875,0.09375
"frc862",0.441666666666667,0.120443643514474
"frc865",0.25,0.125
"frc867",0,0
"frc868",0.371527777777778,0.185763888888889
"frc869",0.229166666666667,0.114583333333333
"frc87",0.0694444444444444,0.0347222222222222
"frc870",0.145833333333333,0.0729166666666667
"frc871",0.0416666666666667,0.0208333333333333
"frc876",0.125,0.0625
"frc88",0.105555555555556,0.0527777777777778
"frc884",0.208333333333333,0.104166666666667
"frc885",0.1875,0.09375
"frc886",0,0
"frc888",0.104166666666667,0.0520833333333333
"frc894",0.0208333333333333,0.0104166666666667
"frc896",0,0
"frc900",0.263888888888889,0.131944444444444
"frc904",0.333333333333333,0.166666666666667
"frc907",0.0625,0.03125
"frc910",0.313888888888889,0.156944444444444
"frc919",0,0
"frc922",0,0
"frc93",0.222222222222222,0.111111111111111
"frc930",0.0486111111111111,0.0243055555555556
"frc931",0.194444444444444,0.0888830209813956
"frc932",0.222222222222222,0.111111111111111
"frc935",0.1875,0.09375
"frc937",0,0
"frc938",0.0625,0.03125
"frc94",0.125,0.0510310363079829
"frc945",0.0208333333333333,0.0104166666666667
"frc948",0.354166666666667,0.177083333333333
"frc949",0.104166666666667,0.0520833333333333
"frc95",0.277777777777778,0.138888888888889
"frc955",0.4375,0.21875
"frc956",0.166666666666667,0.0833333333333333
"frc957",0.1875,0.09375
"frc967",0.229166666666667,0.114583333333333
"frc968",0.25,0.125
"frc97",0.1875,0.09375
"frc971",0.451388888888889,0.103342831986569
"frc973",0.552083333333333,0.0306301341489868
"frc974",0,0
"frc980",0.104166666666667,0.0520833333333333
"frc981",0.166666666666667,0.0833333333333333
"frc987",0.673611111111111,0.103984922414274
"frc988",0.0208333333333333,0.0104166666666667
"frc991",0.0625,0.03125
"frc995",0,0
"frc996",0,0
"frc997",0.239583333333333,0.119791666666667
"frc999",0.1875,0.09375
